id,Year,Rank,Home Games,Team Name,Baseball Field,Team ID
1,1901.0,5.0,66.0,Baltimore Orioles,Oriole Park,BLA
2,1901.0,2.0,69.0,Boston Americans,Huntington Avenue Grounds,BOS
3,1901.0,3.0,68.0,Brooklyn Superbas,Washington Park III,BRO
4,1901.0,5.0,70.0,Boston Beaneaters,South End Grounds III,BSN
5,1901.0,1.0,71.0,Chicago White Sox,South Side Park II,CHW
6,1901.0,6.0,70.0,Chicago Orphans,West Side Park II,CHC
7,1901.0,8.0,72.0,Cincinnati Reds,League Park II in Cincinnati,CIN
8,1901.0,7.0,69.0,Cleveland Blues,League Park I,CLE
9,1901.0,3.0,70.0,Detroit Tigers,Bennett Park,DET
10,1901.0,8.0,70.0,Milwaukee Brewers,Lloyd Street Grounds,MLA
11,1901.0,7.0,71.0,New York Giants,Polo Grounds III,NYG
12,1901.0,4.0,66.0,Philadelphia Athletics,Columbia Park,PHA
13,1901.0,2.0,69.0,Philadelphia Phillies,Baker Bowl,PHI
14,1901.0,1.0,69.0,Pittsburgh Pirates,Exposition Park,PIT
15,1901.0,4.0,72.0,St. Louis Cardinals,Robison Field,STL
16,1901.0,6.0,68.0,Washington Senators,American League Park I,WSH
17,1902.0,8.0,64.0,Baltimore Orioles,Oriole Park,BLA
18,1902.0,3.0,71.0,Boston Americans,Huntington Avenue Grounds,BOS
19,1902.0,2.0,69.0,Brooklyn Superbas,Washington Park III,BRO
20,1902.0,3.0,72.0,Boston Beaneaters,South End Grounds III,BSN
21,1902.0,4.0,72.0,Chicago White Sox,South Side Park II,CHW
22,1902.0,5.0,70.0,Chicago Orphans,West Side Park II,CHC
23,1902.0,4.0,70.0,Cincinnati Reds,Palace of the Fans,CIN
24,1902.0,5.0,65.0,Cleveland Bronchos,League Park I,CLE
25,1902.0,7.0,67.0,Detroit Tigers,Bennett Park,DET
26,1902.0,8.0,71.0,New York Giants,Polo Grounds III,NYG
27,1902.0,1.0,73.0,Philadelphia Athletics,Columbia Park,PHA
28,1902.0,7.0,69.0,Philadelphia Phillies,Baker Bowl,PHI
29,1902.0,1.0,71.0,Pittsburgh Pirates,Exposition Park,PIT
30,1902.0,2.0,73.0,St. Louis Browns,Sportsman's Park III,SLB
31,1902.0,6.0,70.0,St. Louis Cardinals,Robison Field,STL
32,1902.0,6.0,68.0,Washington Senators,American League Park I,WSH
33,1903.0,1.0,70.0,Boston Americans,Huntington Avenue Grounds,BOS
34,1903.0,5.0,73.0,Brooklyn Superbas,Washington Park III,BRO
35,1903.0,6.0,68.0,Boston Beaneaters,South End Grounds III,BSN
36,1903.0,7.0,70.0,Chicago White Sox,South Side Park II,CHW
37,1903.0,3.0,73.0,Chicago Cubs,West Side Park II,CHC
38,1903.0,4.0,76.0,Cincinnati Reds,Palace of the Fans,CIN
39,1903.0,3.0,74.0,Cleveland Naps,League Park I,CLE
40,1903.0,5.0,65.0,Detroit Tigers,Bennett Park,DET
41,1903.0,2.0,70.0,New York Giants,Polo Grounds III,NYG
42,1903.0,4.0,67.0,New York Highlanders,Hilltop Park,NYY
43,1903.0,2.0,67.0,Philadelphia Athletics,Columbia Park,PHA
44,1903.0,7.0,61.0,Philadelphia Phillies,Baker Bowl,PHI
45,1903.0,1.0,70.0,Pittsburgh Pirates,Exposition Park,PIT
46,1903.0,6.0,70.0,St. Louis Browns,Sportsman's Park III,SLB
47,1903.0,8.0,69.0,St. Louis Cardinals,Robison Field,STL
48,1903.0,8.0,71.0,Washington Senators,American League Park I,WSH
49,1904.0,1.0,81.0,Boston Americans,Huntington Avenue Grounds,BOS
50,1904.0,6.0,76.0,Brooklyn Superbas,Washington Park III,BRO
51,1904.0,7.0,79.0,Boston Beaneaters,South End Grounds III,BSN
52,1904.0,3.0,78.0,Chicago White Sox,South Side Park II,CHW
53,1904.0,2.0,78.0,Chicago Cubs,West Side Park II,CHC
54,1904.0,3.0,79.0,Cincinnati Reds,Palace of the Fans,CIN
55,1904.0,4.0,78.0,Cleveland Naps,League Park I,CLE
56,1904.0,7.0,79.0,Detroit Tigers,Bennett Park,DET
57,1904.0,1.0,84.0,New York Giants,Polo Grounds III,NYG
58,1904.0,2.0,75.0,New York Highlanders,Hilltop Park,NYY
59,1904.0,5.0,79.0,Philadelphia Athletics,Columbia Park,PHA
60,1904.0,8.0,73.0,Philadelphia Phillies,Baker Bowl,PHI
61,1904.0,4.0,78.0,Pittsburgh Pirates,Exposition Park,PIT
62,1904.0,6.0,78.0,St. Louis Browns,Sportsman's Park III,SLB
63,1904.0,5.0,76.0,St. Louis Cardinals,Robison Field,STL
64,1904.0,8.0,78.0,Washington Senators,American League Park II,WSH
65,1905.0,4.0,77.0,Boston Americans,Huntington Avenue Grounds,BOS
66,1905.0,8.0,77.0,Brooklyn Superbas,Washington Park III,BRO
67,1905.0,7.0,76.0,Boston Beaneaters,South End Grounds III,BSN
68,1905.0,2.0,82.0,Chicago White Sox,South Side Park II,CHW
69,1905.0,3.0,81.0,Chicago Cubs,West Side Park II,CHC
70,1905.0,5.0,79.0,Cincinnati Reds,Palace of the Fans,CIN
71,1905.0,5.0,77.0,Cleveland Naps,League Park I,CLE
72,1905.0,3.0,76.0,Detroit Tigers,Bennett Park,DET
73,1905.0,1.0,76.0,New York Giants,Polo Grounds III,NYG
74,1905.0,6.0,75.0,New York Highlanders,Hilltop Park,NYY
75,1905.0,1.0,74.0,Philadelphia Athletics,Columbia Park,PHA
76,1905.0,4.0,76.0,Philadelphia Phillies,Baker Bowl,PHI
77,1905.0,2.0,78.0,Pittsburgh Pirates,Exposition Park,PIT
78,1905.0,8.0,79.0,St. Louis Browns,Sportsman's Park III,SLB
79,1905.0,6.0,77.0,St. Louis Cardinals,Robison Field,STL
80,1905.0,7.0,77.0,Washington Senators,American League Park II,WSH
81,1906.0,8.0,77.0,Boston Americans,Huntington Avenue Grounds,BOS
82,1906.0,5.0,76.0,Brooklyn Superbas,Washington Park III,BRO
83,1906.0,8.0,76.0,Boston Beaneaters,South End Grounds III,BSN
84,1906.0,1.0,79.0,Chicago White Sox,South Side Park II,CHW
85,1906.0,1.0,79.0,Chicago Cubs,West Side Park II,CHC
86,1906.0,6.0,78.0,Cincinnati Reds,Palace of the Fans,CIN
87,1906.0,3.0,79.0,Cleveland Naps,League Park I,CLE
88,1906.0,6.0,78.0,Detroit Tigers,Bennett Park,DET
89,1906.0,2.0,75.0,New York Giants,Polo Grounds III,NYG
90,1906.0,2.0,76.0,New York Highlanders,Hilltop Park,NYY
91,1906.0,4.0,73.0,Philadelphia Athletics,Columbia Park,PHA
92,1906.0,4.0,77.0,Philadelphia Phillies,Baker Bowl,PHI
93,1906.0,3.0,77.0,Pittsburgh Pirates,Exposition Park,PIT
94,1906.0,5.0,76.0,St. Louis Browns,Sportsman's Park III,SLB
95,1906.0,7.0,77.0,St. Louis Cardinals,Robison Field,STL
96,1906.0,7.0,75.0,Washington Senators,American League Park II,WSH
97,1907.0,7.0,78.0,Boston Americans,Huntington Avenue Grounds,BOS
98,1907.0,5.0,77.0,Brooklyn Superbas,Washington Park III,BRO
99,1907.0,7.0,74.0,Boston Doves,South End Grounds III,BSN
100,1907.0,3.0,79.0,Chicago White Sox,South Side Park II,CHW
101,1907.0,1.0,76.0,Chicago Cubs,West Side Park II,CHC
102,1907.0,6.0,81.0,Cincinnati Reds,Palace of the Fans,CIN
103,1907.0,4.0,82.0,Cleveland Naps,League Park I,CLE
104,1907.0,1.0,79.0,Detroit Tigers,Bennett Park,DET
105,1907.0,4.0,77.0,New York Giants,Polo Grounds III,NYG
106,1907.0,5.0,75.0,New York Highlanders,Hilltop Park,NYY
107,1907.0,2.0,73.0,Philadelphia Athletics,Columbia Park,PHA
108,1907.0,3.0,75.0,Philadelphia Phillies,Baker Bowl,PHI
109,1907.0,2.0,77.0,Pittsburgh Pirates,Exposition Park,PIT
110,1907.0,6.0,76.0,St. Louis Browns,Sportsman's Park III,SLB
111,1907.0,8.0,79.0,St. Louis Cardinals,Robison Field,STL
112,1907.0,8.0,75.0,Washington Senators,American League Park II,WSH
113,1908.0,5.0,77.0,Boston Red Sox,Huntington Avenue Grounds,BOS
114,1908.0,7.0,77.0,Brooklyn Superbas,Washington Park III,BRO
115,1908.0,6.0,78.0,Boston Doves,South End Grounds III,BSN
116,1908.0,3.0,78.0,Chicago White Sox,South Side Park II,CHW
117,1908.0,1.0,78.0,Chicago Cubs,West Side Park II,CHC
118,1908.0,5.0,77.0,Cincinnati Reds,Palace of the Fans,CIN
119,1908.0,2.0,78.0,Cleveland Naps,League Park I,CLE
120,1908.0,1.0,78.0,Detroit Tigers,Bennett Park,DET
121,1908.0,2.0,80.0,New York Giants,Polo Grounds III,NYG
122,1908.0,8.0,77.0,New York Highlanders,Hilltop Park,NYY
123,1908.0,6.0,78.0,Philadelphia Athletics,Columbia Park,PHA
124,1908.0,4.0,78.0,Philadelphia Phillies,Baker Bowl,PHI
125,1908.0,2.0,77.0,Pittsburgh Pirates,Exposition Park,PIT
126,1908.0,4.0,78.0,St. Louis Browns,Sportsman's Park III,SLB
127,1908.0,8.0,77.0,St. Louis Cardinals,Robison Field,STL
128,1908.0,7.0,78.0,Washington Senators,American League Park II,WSH
129,1909.0,3.0,75.0,Boston Red Sox,Huntington Avenue Grounds,BOS
130,1909.0,6.0,79.0,Brooklyn Superbas,Washington Park III,BRO
131,1909.0,8.0,76.0,Boston Doves,South End Grounds III,BSN
132,1909.0,4.0,81.0,Chicago White Sox,South Side Park II,CHW
133,1909.0,2.0,77.0,Chicago Cubs,West Side Park II,CHC
134,1909.0,4.0,80.0,Cincinnati Reds,Palace of the Fans,CIN
135,1909.0,6.0,77.0,Cleveland Naps,League Park I,CLE
136,1909.0,1.0,78.0,Detroit Tigers,Bennett Park,DET
137,1909.0,3.0,77.0,New York Giants,Polo Grounds III,NYG
138,1909.0,5.0,77.0,New York Highlanders,Hilltop Park,NYY
139,1909.0,2.0,76.0,Philadelphia Athletics,Shibe Park,PHA
140,1909.0,5.0,77.0,Philadelphia Phillies,Baker Bowl,PHI
141,1909.0,1.0,78.0,Pittsburgh Pirates,Exposition Park/Forbes Field,PIT
142,1909.0,7.0,79.0,St. Louis Browns,Sportsman's Park IV,SLB
143,1909.0,7.0,76.0,St. Louis Cardinals,Robison Field,STL
144,1909.0,8.0,77.0,Washington Senators,American League Park II,WSH
145,1910.0,4.0,80.0,Boston Red Sox,Huntington Avenue Grounds,BOS
146,1910.0,6.0,80.0,Brooklyn Superbas,Washington Park III,BRO
147,1910.0,8.0,78.0,Boston Doves,South End Grounds III,BSN
148,1910.0,6.0,79.0,Chicago White Sox,South Side Park II/Comiskey Park,CHW
149,1910.0,1.0,77.0,Chicago Cubs,West Side Park II,CHC
150,1910.0,5.0,77.0,Cincinnati Reds,Palace of the Fans,CIN
151,1910.0,5.0,80.0,Cleveland Naps,League Park II,CLE
152,1910.0,3.0,78.0,Detroit Tigers,Bennett Park,DET
153,1910.0,2.0,79.0,New York Giants,Polo Grounds III,NYG
154,1910.0,2.0,77.0,New York Highlanders,Hilltop Park,NYY
155,1910.0,1.0,78.0,Philadelphia Athletics,Shibe Park,PHA
156,1910.0,4.0,78.0,Philadelphia Phillies,Baker Bowl,PHI
157,1910.0,3.0,76.0,Pittsburgh Pirates,Forbes Field,PIT
158,1910.0,8.0,79.0,St. Louis Browns,Sportsman's Park IV,SLB
159,1910.0,7.0,76.0,St. Louis Cardinals,Robison Field,STL
160,1910.0,7.0,77.0,Washington Senators,American League Park II,WSH
161,1911.0,4.0,76.0,Boston Red Sox,Huntington Avenue Grounds,BOS
162,1911.0,7.0,74.0,Brooklyn Dodgers,Washington Park III,BRO
163,1911.0,8.0,75.0,Boston Rustlers,South End Grounds III,BSN
164,1911.0,5.0,78.0,Chicago White Sox,Comiskey Park,CHW
165,1911.0,2.0,84.0,Chicago Cubs,West Side Park II,CHC
166,1911.0,6.0,82.0,Cincinnati Reds,Palace of the Fans,CIN
167,1911.0,3.0,77.0,Cleveland Naps,League Park II,CLE
168,1911.0,2.0,76.0,Detroit Tigers,Bennett Park,DET
169,1911.0,1.0,75.0,New York Giants,Polo Grounds III/Polo Grounds IV,NYG
170,1911.0,6.0,77.0,New York Highlanders,Hilltop Park,NYY
171,1911.0,1.0,75.0,Philadelphia Athletics,Shibe Park,PHA
172,1911.0,4.0,76.0,Philadelphia Phillies,Baker Bowl,PHI
173,1911.0,3.0,78.0,Pittsburgh Pirates,Forbes Field,PIT
174,1911.0,8.0,78.0,St. Louis Browns,Sportsman's Park IV,SLB
175,1911.0,5.0,79.0,St. Louis Cardinals,Robison Field,STL
176,1911.0,7.0,77.0,Washington Senators,Griffith Stadium I,WSH
177,1912.0,1.0,78.0,Boston Red Sox,Fenway Park I,BOS
178,1912.0,7.0,76.0,Brooklyn Dodgers,Washington Park III,BRO
179,1912.0,8.0,79.0,Boston Braves,South End Grounds III,BSN
180,1912.0,4.0,78.0,Chicago White Sox,Comiskey Park,CHW
181,1912.0,3.0,78.0,Chicago Cubs,West Side Park II,CHC
182,1912.0,4.0,77.0,Cincinnati Reds,Crosley Field,CIN
183,1912.0,5.0,77.0,Cleveland Naps,League Park II,CLE
184,1912.0,6.0,76.0,Detroit Tigers,Navin Field,DET
185,1912.0,1.0,76.0,New York Giants,Polo Grounds IV,NYG
186,1912.0,8.0,76.0,New York Highlanders,Hilltop Park,NYY
187,1912.0,3.0,77.0,Philadelphia Athletics,Shibe Park,PHA
188,1912.0,5.0,75.0,Philadelphia Phillies,Baker Bowl,PHI
189,1912.0,2.0,75.0,Pittsburgh Pirates,Forbes Field,PIT
190,1912.0,7.0,79.0,St. Louis Browns,Sportsman's Park IV,SLB
191,1912.0,6.0,77.0,St. Louis Cardinals,Robison Field,STL
192,1912.0,2.0,78.0,Washington Senators,Griffith Stadium I,WSH
193,1913.0,4.0,75.0,Boston Red Sox,Fenway Park I,BOS
194,1913.0,6.0,77.0,Brooklyn Superbas,Ebbets Field,BRO
195,1913.0,5.0,77.0,Boston Braves,South End Grounds III,BSN
196,1913.0,5.0,77.0,Chicago White Sox,Comiskey Park,CHW
197,1913.0,3.0,76.0,Chicago Cubs,West Side Park II,CHC
198,1913.0,7.0,78.0,Cincinnati Reds,Crosley Field,CIN
199,1913.0,3.0,80.0,Cleveland Naps,League Park II,CLE
200,1913.0,6.0,76.0,Detroit Tigers,Navin Field,DET
201,1913.0,1.0,81.0,New York Giants,Polo Grounds IV,NYG
202,1913.0,7.0,75.0,New York Yankees,Polo Grounds IV,NYY
203,1913.0,1.0,76.0,Philadelphia Athletics,Shibe Park,PHA
204,1913.0,2.0,78.0,Philadelphia Phillies,Baker Bowl,PHI
205,1913.0,4.0,79.0,Pittsburgh Pirates,Forbes Field,PIT
206,1913.0,8.0,77.0,St. Louis Browns,Sportsman's Park IV,SLB
207,1913.0,8.0,74.0,St. Louis Cardinals,Robison Field,STL
208,1913.0,2.0,78.0,Washington Senators,Griffith Stadium I,WSH
209,1914.0,2.0,79.0,Boston Red Sox,Fenway Park I,BOS
210,1914.0,5.0,79.0,Brooklyn Robins,Ebbets Field,BRO
211,1914.0,1.0,79.0,Boston Braves,South End Grounds III,BSN
212,1914.0,6.0,81.0,Chicago White Sox,Comiskey Park,CHW
213,1914.0,4.0,76.0,Chicago Cubs,West Side Park II,CHC
214,1914.0,8.0,77.0,Cincinnati Reds,Crosley Field,CIN
215,1914.0,8.0,79.0,Cleveland Naps,League Park II,CLE
216,1914.0,4.0,78.0,Detroit Tigers,Navin Field,DET
217,1914.0,2.0,80.0,New York Giants,Polo Grounds IV,NYG
218,1914.0,6.0,78.0,New York Yankees,Polo Grounds IV,NYY
219,1914.0,1.0,78.0,Philadelphia Athletics,Shibe Park,PHA
220,1914.0,6.0,78.0,Philadelphia Phillies,Baker Bowl,PHI
221,1914.0,7.0,77.0,Pittsburgh Pirates,Forbes Field,PIT
222,1914.0,5.0,81.0,St. Louis Browns,Sportsman's Park IV,SLB
223,1914.0,3.0,79.0,St. Louis Cardinals,Robison Field,STL
224,1914.0,3.0,77.0,Washington Senators,Griffith Stadium I,WSH
225,1915.0,1.0,76.0,Boston Red Sox,Fenway Park I,BOS
226,1915.0,3.0,78.0,Brooklyn Robins,Ebbets Field,BRO
227,1915.0,2.0,78.0,Boston Braves,Fenway Park I / Braves Field,BSN
228,1915.0,3.0,79.0,Chicago White Sox,Comiskey Park,CHW
229,1915.0,4.0,77.0,Chicago Cubs,West Side Park II,CHC
230,1915.0,7.0,79.0,Cincinnati Reds,Crosley Field,CIN
231,1915.0,7.0,77.0,Cleveland Indians,League Park II,CLE
232,1915.0,2.0,77.0,Detroit Tigers,Navin Field,DET
233,1915.0,8.0,76.0,New York Giants,Polo Grounds IV,NYG
234,1915.0,5.0,82.0,New York Yankees,Polo Grounds IV,NYY
235,1915.0,8.0,74.0,Philadelphia Athletics,Shibe Park,PHA
236,1915.0,1.0,76.0,Philadelphia Phillies,Baker Bowl,PHI
237,1915.0,5.0,79.0,Pittsburgh Pirates,Forbes Field,PIT
238,1915.0,6.0,76.0,St. Louis Browns,Sportsman's Park IV,SLB
239,1915.0,6.0,81.0,St. Louis Cardinals,Robison Field,STL
240,1915.0,4.0,80.0,Washington Senators,Griffith Stadium I,WSH
241,1916.0,1.0,78.0,Boston Red Sox,Fenway Park I,BOS
242,1916.0,1.0,78.0,Brooklyn Robins,Ebbets Field,BRO
243,1916.0,3.0,78.0,Boston Braves,Braves Field,BSN
244,1916.0,2.0,77.0,Chicago White Sox,Comiskey Park,CHW
245,1916.0,5.0,79.0,Chicago Cubs,Wrigley Field,CHC
246,1916.0,7.0,76.0,Cincinnati Reds,Crosley Field,CIN
247,1916.0,6.0,78.0,Cleveland Indians,League Park II,CLE
248,1916.0,3.0,77.0,Detroit Tigers,Navin Field,DET
249,1916.0,4.0,78.0,New York Giants,Polo Grounds IV,NYG
250,1916.0,4.0,79.0,New York Yankees,Polo Grounds IV,NYY
251,1916.0,8.0,76.0,Philadelphia Athletics,Shibe Park,PHA
252,1916.0,2.0,79.0,Philadelphia Phillies,Baker Bowl,PHI
253,1916.0,6.0,78.0,Pittsburgh Pirates,Forbes Field,PIT
254,1916.0,5.0,79.0,St. Louis Browns,Sportsman's Park IV,SLB
255,1916.0,7.0,76.0,St. Louis Cardinals,Robison Field,STL
256,1916.0,7.0,81.0,Washington Senators,Griffith Stadium I,WSH
257,1917.0,2.0,80.0,Boston Red Sox,Fenway Park I,BOS
258,1917.0,7.0,78.0,Brooklyn Robins,Ebbets Field,BRO
259,1917.0,6.0,77.0,Boston Braves,Braves Field,BSN
260,1917.0,1.0,79.0,Chicago White Sox,Comiskey Park,CHW
261,1917.0,5.0,77.0,Chicago Cubs,Wrigley Field,CHC
262,1917.0,4.0,80.0,Cincinnati Reds,Crosley Field,CIN
263,1917.0,3.0,78.0,Cleveland Indians,League Park II,CLE
264,1917.0,4.0,76.0,Detroit Tigers,Navin Field,DET
265,1917.0,1.0,80.0,New York Giants,Polo Grounds IV,NYG
266,1917.0,6.0,75.0,New York Yankees,Polo Grounds IV,NYY
267,1917.0,8.0,76.0,Philadelphia Athletics,Shibe Park,PHA
268,1917.0,2.0,76.0,Philadelphia Phillies,Baker Bowl,PHI
269,1917.0,8.0,79.0,Pittsburgh Pirates,Forbes Field,PIT
270,1917.0,7.0,78.0,St. Louis Browns,Sportsman's Park IV,SLB
271,1917.0,3.0,78.0,St. Louis Cardinals,Robison Field,STL
272,1917.0,5.0,80.0,Washington Senators,Griffith Stadium I,WSH
273,1918.0,1.0,70.0,Boston Red Sox,Fenway Park I,BOS
274,1918.0,5.0,54.0,Brooklyn Robins,Ebbets Field,BRO
275,1918.0,7.0,52.0,Boston Braves,Braves Field,BSN
276,1918.0,6.0,56.0,Chicago White Sox,Comiskey Park,CHW
277,1918.0,1.0,74.0,Chicago Cubs,Wrigley Field,CHC
278,1918.0,3.0,71.0,Cincinnati Reds,Crosley Field,CIN
279,1918.0,2.0,62.0,Cleveland Indians,League Park II,CLE
280,1918.0,7.0,58.0,Detroit Tigers,Navin Field,DET
281,1918.0,2.0,56.0,New York Giants,Polo Grounds IV,NYG
282,1918.0,4.0,67.0,New York Yankees,Polo Grounds IV,NYY
283,1918.0,8.0,68.0,Philadelphia Athletics,Shibe Park,PHA
284,1918.0,6.0,57.0,Philadelphia Phillies,Baker Bowl,PHI
285,1918.0,4.0,71.0,Pittsburgh Pirates,Forbes Field,PIT
286,1918.0,5.0,53.0,St. Louis Browns,Sportsman's Park IV,SLB
287,1918.0,8.0,73.0,St. Louis Cardinals,Robison Field,STL
288,1918.0,3.0,74.0,Washington Senators,Griffith Stadium I,WSH
289,1919.0,6.0,66.0,Boston Red Sox,Fenway Park I,BOS
290,1919.0,5.0,70.0,Brooklyn Robins,Ebbets Field,BRO
291,1919.0,6.0,68.0,Boston Braves,Braves Field,BSN
292,1919.0,1.0,70.0,Chicago White Sox,Comiskey Park,CHW
293,1919.0,3.0,71.0,Chicago Cubs,Wrigley Field,CHC
294,1919.0,1.0,70.0,Cincinnati Reds,Crosley Field,CIN
295,1919.0,2.0,69.0,Cleveland Indians,League Park II,CLE
296,1919.0,4.0,70.0,Detroit Tigers,Navin Field,DET
297,1919.0,2.0,69.0,New York Giants,Polo Grounds IV,NYG
298,1919.0,3.0,73.0,New York Yankees,Polo Grounds IV,NYY
299,1919.0,8.0,70.0,Philadelphia Athletics,Shibe Park,PHA
300,1919.0,8.0,71.0,Philadelphia Phillies,Baker Bowl,PHI
301,1919.0,4.0,70.0,Pittsburgh Pirates,Forbes Field,PIT
302,1919.0,5.0,70.0,St. Louis Browns,Sportsman's Park IV,SLB
303,1919.0,7.0,69.0,St. Louis Cardinals,Robison Field,STL
304,1919.0,7.0,72.0,Washington Senators,Griffith Stadium I,WSH
305,1920.0,5.0,76.0,Boston Red Sox,Fenway Park I,BOS
306,1920.0,1.0,78.0,Brooklyn Robins,Ebbets Field,BRO
307,1920.0,7.0,74.0,Boston Braves,Braves Field,BSN
308,1920.0,2.0,77.0,Chicago White Sox,Comiskey Park,CHW
309,1920.0,5.0,77.0,Chicago Cubs,Wrigley Field,CHC
310,1920.0,3.0,77.0,Cincinnati Reds,Crosley Field,CIN
311,1920.0,1.0,78.0,Cleveland Indians,League Park II,CLE
312,1920.0,7.0,78.0,Detroit Tigers,Navin Field,DET
313,1920.0,2.0,80.0,New York Giants,Polo Grounds IV,NYG
314,1920.0,3.0,77.0,New York Yankees,Polo Grounds IV,NYY
315,1920.0,8.0,77.0,Philadelphia Athletics,Shibe Park,PHA
316,1920.0,8.0,77.0,Philadelphia Phillies,Baker Bowl,PHI
317,1920.0,4.0,78.0,Pittsburgh Pirates,Forbes Field,PIT
318,1920.0,4.0,78.0,St. Louis Browns,Sportsman's Park IV,SLB
319,1920.0,5.0,76.0,St. Louis Cardinals,Robison Field/Sportsman's Park IV,STL
320,1920.0,6.0,76.0,Washington Senators,Griffith Stadium I,WSH
321,1921.0,5.0,77.0,Boston Red Sox,Fenway Park I,BOS
322,1921.0,5.0,78.0,Brooklyn Robins,Ebbets Field,BRO
323,1921.0,4.0,74.0,Boston Braves,Braves Field,BSN
324,1921.0,7.0,77.0,Chicago White Sox,Comiskey Park,CHW
325,1921.0,7.0,76.0,Chicago Cubs,Wrigley Field,CHC
326,1921.0,6.0,76.0,Cincinnati Reds,Crosley Field,CIN
327,1921.0,2.0,77.0,Cleveland Indians,League Park II,CLE
328,1921.0,6.0,77.0,Detroit Tigers,Navin Field,DET
329,1921.0,1.0,79.0,New York Giants,Polo Grounds IV,NYG
330,1921.0,1.0,78.0,New York Yankees,Polo Grounds IV,NYY
331,1921.0,8.0,77.0,Philadelphia Athletics,Shibe Park,PHA
332,1921.0,8.0,76.0,Philadelphia Phillies,Baker Bowl,PHI
333,1921.0,2.0,76.0,Pittsburgh Pirates,Forbes Field,PIT
334,1921.0,3.0,77.0,St. Louis Browns,Sportsman's Park IV,SLB
335,1921.0,3.0,78.0,St. Louis Cardinals,Sportsman's Park IV,STL
336,1921.0,4.0,76.0,Washington Senators,Griffith Stadium I,WSH
337,1922.0,8.0,73.0,Boston Red Sox,Fenway Park I,BOS
338,1922.0,6.0,78.0,Brooklyn Robins,Ebbets Field,BRO
339,1922.0,8.0,76.0,Boston Braves,Braves Field,BSN
340,1922.0,5.0,77.0,Chicago White Sox,Comiskey Park,CHW
341,1922.0,5.0,76.0,Chicago Cubs,Wrigley Field,CHC
342,1922.0,2.0,79.0,Cincinnati Reds,Crosley Field,CIN
343,1922.0,4.0,80.0,Cleveland Indians,League Park II,CLE
344,1922.0,3.0,77.0,Detroit Tigers,Navin Field,DET
345,1922.0,1.0,79.0,New York Giants,Polo Grounds IV,NYG
346,1922.0,1.0,77.0,New York Yankees,Polo Grounds IV,NYY
347,1922.0,7.0,78.0,Philadelphia Athletics,Shibe Park,PHA
348,1922.0,7.0,77.0,Philadelphia Phillies,Baker Bowl,PHI
349,1922.0,3.0,78.0,Pittsburgh Pirates,Forbes Field,PIT
350,1922.0,2.0,77.0,St. Louis Browns,Sportsman's Park IV,SLB
351,1922.0,3.0,77.0,St. Louis Cardinals,Sportsman's Park IV,STL
352,1922.0,6.0,79.0,Washington Senators,Griffith Stadium I,WSH
353,1923.0,8.0,78.0,Boston Red Sox,Fenway Park I,BOS
354,1923.0,6.0,78.0,Brooklyn Robins,Ebbets Field,BRO
355,1923.0,7.0,77.0,Boston Braves,Braves Field,BSN
356,1923.0,7.0,75.0,Chicago White Sox,Comiskey Park,CHW
357,1923.0,4.0,77.0,Chicago Cubs,Wrigley Field,CHC
358,1923.0,2.0,78.0,Cincinnati Reds,Crosley Field,CIN
359,1923.0,3.0,78.0,Cleveland Indians,League Park II,CLE
360,1923.0,2.0,77.0,Detroit Tigers,Navin Field,DET
361,1923.0,1.0,77.0,New York Giants,Polo Grounds IV,NYG
362,1923.0,1.0,76.0,New York Yankees,Yankee Stadium I,NYY
363,1923.0,6.0,75.0,Philadelphia Athletics,Shibe Park,PHA
364,1923.0,8.0,75.0,Philadelphia Phillies,Baker Bowl,PHI
365,1923.0,3.0,77.0,Pittsburgh Pirates,Forbes Field,PIT
366,1923.0,5.0,78.0,St. Louis Browns,Sportsman's Park IV,SLB
367,1923.0,5.0,78.0,St. Louis Cardinals,Sportsman's Park IV,STL
368,1923.0,4.0,79.0,Washington Senators,Griffith Stadium I,WSH
369,1924.0,7.0,77.0,Boston Red Sox,Fenway Park I,BOS
370,1924.0,2.0,77.0,Brooklyn Robins,Ebbets Field,BRO
371,1924.0,8.0,76.0,Boston Braves,Braves Field,BSN
372,1924.0,8.0,77.0,Chicago White Sox,Comiskey Park,CHW
373,1924.0,5.0,78.0,Chicago Cubs,Wrigley Field,CHC
374,1924.0,4.0,76.0,Cincinnati Reds,Crosley Field,CIN
375,1924.0,6.0,75.0,Cleveland Indians,League Park II,CLE
376,1924.0,3.0,78.0,Detroit Tigers,Navin Field,DET
377,1924.0,1.0,77.0,New York Giants,Polo Grounds IV,NYG
378,1924.0,2.0,78.0,New York Yankees,Yankee Stadium I,NYY
379,1924.0,5.0,75.0,Philadelphia Athletics,Shibe Park,PHA
380,1924.0,7.0,76.0,Philadelphia Phillies,Baker Bowl,PHI
381,1924.0,3.0,77.0,Pittsburgh Pirates,Forbes Field,PIT
382,1924.0,4.0,78.0,St. Louis Browns,Sportsman's Park IV,SLB
383,1924.0,6.0,77.0,St. Louis Cardinals,Sportsman's Park IV,STL
384,1924.0,1.0,79.0,Washington Senators,Griffith Stadium I,WSH
385,1925.0,8.0,75.0,Boston Red Sox,Fenway Park I,BOS
386,1925.0,6.0,77.0,Brooklyn Robins,Ebbets Field,BRO
387,1925.0,5.0,76.0,Boston Braves,Braves Field,BSN
388,1925.0,5.0,77.0,Chicago White Sox,Comiskey Park,CHW
389,1925.0,8.0,77.0,Chicago Cubs,Wrigley Field,CHC
390,1925.0,3.0,76.0,Cincinnati Reds,Crosley Field,CIN
391,1925.0,6.0,77.0,Cleveland Indians,League Park II,CLE
392,1925.0,4.0,77.0,Detroit Tigers,Navin Field,DET
393,1925.0,2.0,76.0,New York Giants,Polo Grounds IV,NYG
394,1925.0,7.0,79.0,New York Yankees,Yankee Stadium I,NYY
395,1925.0,2.0,77.0,Philadelphia Athletics,Shibe Park,PHA
396,1925.0,6.0,77.0,Philadelphia Phillies,Baker Bowl,PHI
397,1925.0,1.0,77.0,Pittsburgh Pirates,Forbes Field,PIT
398,1925.0,3.0,78.0,St. Louis Browns,Sportsman's Park IV,SLB
