track_id,track_name,track_number,track_popularity,explicit,artist_name,artist_popularity,artist_followers,artist_genres,album_id,album_name,album_release_date,album_total_tracks,album_type,track_duration_min
3EJS5LyekDim1Tf5rBFmZl,Trippy Mane (ft. Project Pat),4,0,TRUE,Diplo,77,2812821,moombahton,5QRFnGnBeMGePBKF2xTz5z,"d00mscrvll, Vol. 1",2025-10-31,9,album,1.55
1oQW6G2ZiwMuHqlPpP27DB,OMG!,1,0,TRUE,Yelawolf,64,2363438,"country hip hop, southern hip hop",4SUmmwnv0xTjRcLdjczGg2,OMG!,2025-10-31,1,single,3.07
7mdkjzoIYlf1rx9EtBpGmU,Hard 2 Find,1,4,TRUE,Riff Raff,48,193302,N/A,3E3zEAL8gUYWaLYB9L7gbp,Hard 2 Find,2025-10-31,1,single,2.55
67rW0Zl7oB3qEpD5YWWE5w,Still Get Like That (ft. Project Pat & Starrah),8,30,TRUE,Diplo,77,2813710,moombahton,5QRFnGnBeMGePBKF2xTz5z,"d00mscrvll, Vol. 1",2025-10-31,9,album,1.69
15xptTfRBrjsppW0INUZjf,ride me like a harley,2,0,TRUE,Rumelis,48,8682,dark r&b,06FDIpSHYmZAZoyuYtc7kd,come closer / ride me like a harley,2025-10-30,2,single,2.39
4ccpCcZYseq8VrPMK1EDs0,BLEED,1,2,FALSE,Minzie,46,7218,dark r&b,2NQv9p3ZQW0Ed1LB9enix8,BLEED,2025-10-30,3,single,2.76
3QoQ3HqXTAjgEl9LbNMbYp,Te Procuro na Cidade,1,20,FALSE,AZERDK,30,1657,N/A,1PpuOsLjPWshDLxkr0oHeU,Te Procuro na Cidade,2025-10-30,1,single,4.12
1YEZbdT417SfolPQzaoHs2,come closer,1,27,FALSE,Rumelis,49,8802,dark r&b,06FDIpSHYmZAZoyuYtc7kd,come closer / ride me like a harley,2025-10-30,2,single,2.53
4pZ949nFW5SurwzE0TSe7I,Cupido Vagabundo,1,16,FALSE,Toni dos Anjos,6,475,N/A,60DLQZkzpvDvVfvEC6VOJM,Cupido Vagabundo,2025-10-30,2,single,2.92
0L0LgwFZ7UtBnRNQvSBty6,LET’S GO!,1,33,TRUE,PsychoYP,48,154802,"nigerian drill, alté, afro adura, afrobeats, afrobeat, afroswing",3ARxksm8CspGeAaZZB1v2w,LET’S GO!,2025-10-28,1,single,2.4
5mfAZwEr4jAVDnSY0HHuyH,Stray,1,30,FALSE,What Matters The Most,25,814,N/A,0DHsJaaMzbygWosCjYk37t,Stray,2025-10-25,4,single,2.49
4V1Sh9Y2z6e8HpzNOet5rC,PAPARAZZI ARRIVE - English Ver.,1,48,FALSE,A2O,46,13826,c-pop,54XcHEnJ2BKMOzkeRrRubu,PAPARAZZI ARRIVE,2025-10-24,14,album,2.89
0NZKfcua68wuZePhjp8N2I,Root of all Evil,5,65,FALSE,Daniel Caesar,85,11137714,N/A,115s3YJqm6iLblABdjtgzQ,Son Of Spergy,2025-10-24,12,album,4.41
6zFWxD9hkOPAIlgWAGyQGQ,Let’s Go!!,2,0,TRUE,Ovi Jozi,17,3567,N/A,0liPj9Le4hvoMJQhYOi5kP,"High Risk, High Reward",2025-10-24,6,single,2.05
66F6YyfnWy6cNc6bd3zl2C,MELODY - CHENYU & SHIJIE & QUCHANG,11,27,FALSE,A2O,46,13590,c-pop,54XcHEnJ2BKMOzkeRrRubu,PAPARAZZI ARRIVE,2025-10-24,14,album,4.25
22c6Yop5YVEAhw8UG6O1W1,My Muse,2,67,TRUE,Leon Thomas,74,735818,N/A,6ph5zbGAudn0EKyw3vXbXM,PHOLKS,2025-10-24,7,single,2.75
0SoYN9bRGPj7qV6loQKCTO,A Real Good Bad One,1,31,FALSE,Joe Hermes,23,1518,N/A,7IE6vOcDUge35P3SGJhzJk,A Real Good Bad One,2025-10-24,1,single,2.73
19A7srqQSXoW14muGyiHjg,BOSS - English Ver.,3,33,FALSE,A2O,46,13826,c-pop,54XcHEnJ2BKMOzkeRrRubu,PAPARAZZI ARRIVE,2025-10-24,14,album,2.92
0XQQpq855N5rnUsFBXo2ml,Bridges,1,11,FALSE,Scarlett Butler,3,364,N/A,0urpaXU8WR1FqEEvaD1UaN,Bridges,2025-10-24,1,single,2.91
0nBPI5KxKOeOtr24sdGpE6,Can't Go Back,1,30,FALSE,LEROCQUE,23,13770,N/A,28UXdTnzMDGwX0Lu2xi5Xo,Can't Go Back,2025-10-24,1,single,2.43
2aMZEJZwWouRzOw2aSfKV9,Deeply Still,1,35,FALSE,Xander Ward,35,729,N/A,2elo6qnwOjghfLHF1V1Fo5,Deeply Still,2025-10-24,1,single,2.91
2zzjpwG8wu3skr08m7rM6e,Eggshell Tap Dancer,1,52,FALSE,The All-American Rejects,67,3134186,"pop punk, emo",6KhlAeMS2m3pCXpKcOH4f9,Eggshell Tap Dancer,2025-10-24,4,single,3.78
2MbsC60IxeyJNVRRgeqH4w,Eyes on You,1,22,FALSE,Smith & Liddle,17,543,N/A,4qztrns4MDwGFLHsWmFoB8,Eyes on You,2025-10-24,3,single,4.26
2Zq3Trov36G0TtrUt4ZklL,superstar,2,59,TRUE,Artemas,74,1378935,N/A,75FM00r9Lgdi0YHv7vvzzB,LOVERCORE,2025-10-24,14,album,2.82
7rdHxPQimXkOcmUmsfGhxY,Trim,1,1,TRUE,YUNG ALPO,24,166,N/A,2oLtKEcuXiyWnsuHIUlNTF,Trim,2025-10-24,1,single,2.62
2H6cMXx0Kmj6XlbMx4BYi9,Trip,14,32,FALSE,A2O,46,13826,c-pop,54XcHEnJ2BKMOzkeRrRubu,PAPARAZZI ARRIVE,2025-10-24,14,album,3.26
6DIrsJFPypT0Z3emDKnXYd,HEARTBREAK SZN,1,32,TRUE,PRAX,23,1982,N/A,5ywdzunlKaIQX3nEt0iGAk,HEARTBREAK SZN,2025-10-24,1,single,2.89
05aYqGC8NNxr4jiHbQXLG3,Higher Vibration,1,35,FALSE,Mark II,25,722,N/A,1a8W5aTsPfvsHhEG4xrdrH,Higher Vibration (feat. Aleesia),2025-10-24,2,single,2.4
0C42YiaJQyb0OExJ89bRbs,Hold On (We Are Going Home),1,34,FALSE,Suark,32,1496,N/A,21HfXluFe7g9btMxurTERv,Hold On (We Are Going Home),2025-10-24,1,single,3.58
1yLkASt2rIp9W5t3NuZrwQ,Kay,1,2,FALSE,Vince Bello,6,84,N/A,7zczAwbjqQLYRHG3Dsv2CC,Kay,2025-10-24,1,single,3.85
2zLnwikuCxJwMkEI8tqDN4,you never really cared,1,31,FALSE,Anna Marx,34,1693,N/A,4lsCek3wJDt94Ckqt4EBe7,you never really cared,2025-10-24,1,single,2.37
0kWQFzHzEPtvrKnwngvWyb,Master of the Kill,1,42,FALSE,Ana Shine,45,27570,N/A,3sco42g8ybU4RLqlVMurLE,Master of the Kill,2025-10-23,1,single,3.25
5NWYu2pYfLGu3iQB08RC4m,Fool For You,1,25,FALSE,Stray Currents,20,1073,N/A,26dDnkGL1FF3z1AsEBad3p,Fool For You,2025-10-22,1,single,3.07
4cVw1IeHrFuVS58Glolglb,blonde eyes,1,25,FALSE,Sopperior,30,2891,N/A,4nqRc4Bxdhrr49RmHWkFus,orphic,2025-10-21,5,single,2.41
31lp34zEvY603Xjkz2hrOo,limerence,2,13,FALSE,Sopperior,30,2896,N/A,4nqRc4Bxdhrr49RmHWkFus,orphic,2025-10-21,5,single,1.48
1nNgDKWWX9MU9cp5FrHXRN,Love Crazy - Stash Konig Remix,1,31,FALSE,MisterNez,18,200,N/A,2kepsE9qO2QRTLCsF1byjn,Love Crazy (Stash Konig Remix),2025-10-20,1,single,3.26
4ljqKsDyZzicNpBIMvDaZ5,One More Time,5,6,FALSE,Fraser Stott,13,119,N/A,179fPnGB9pMjUUH2pT02o0,19,2025-10-19,9,album,3.94
5hw7dvgBRLvlCiALWwujYz,Nectar - B-Rain Remix,2,29,FALSE,Senhit,27,54636,N/A,4Z53gLriAjTmR7DQr1LRY4,Nectar (The Remixes),2025-10-17,3,single,2.95
6OTDBDVaK18xlne9rlGQok,No Glory,1,52,FALSE,Besomorph,58,146944,slap house,1jO43qFvbxg7hdp2LgMmyw,No Glory,2025-10-17,1,single,2.37
1NXbNEAcPvY5G1xvfN57aA,Dracula,3,80,TRUE,Tame Impala,84,9509731,"neo-psychedelic, indie",5WulAOx9ilWy1h8UGZ1gkI,Deadbeat,2025-10-17,12,album,3.42
6gRNWnK8b8BVfzrF65HGcf,PSYCHWARD (with WesGhost ft. Project Pat),1,51,TRUE,Diplo,77,2812337,moombahton,5oq9z5XNldcl7wTiEamVvo,PSYCHWARD,2025-10-17,4,single,2.88
1e73KA7YWgIS9cLszZJRTu,Where Have You Been,1,38,FALSE,Ken,50,7219,hypertechno,5OPlNhEIlxUifin4l0gPL6,Where Have You Been,2025-10-17,1,single,2.08
44NbFZ0gEZ4U0LMMsHWyb3,Great Tomorrow,1,3,FALSE,Kxng Leó,1,177,N/A,0jFDIZgcya0j2cfR17izT9,Great Tomorrow,2025-10-17,1,single,2.21
05RK4klU7S2Jm50ONIjyM4,Hearts Grow Cold (Saint Noël) [feat. Olivia Cadenza],1,50,FALSE,Kayote,49,19306,N/A,0Kil1i9WrmbacxToZg8qk9,Hearts Grow Cold (Saint Noêl) [feat. Olivia Cadenza],2025-10-17,1,single,2.65
0Oriikd4ETp5qmzek6ZUD5,Talk To You (ft. Elton John),1,72,TRUE,Sam Fender,73,1204977,N/A,5tmaU5xBUYQYr2VkWhokIb,Talk To You (ft. Elton John),2025-10-17,1,single,5.28
5jw5yNpSTxdBAr1AV3N96s,The Way I Am Now,1,25,FALSE,Lila Holler,17,1068,N/A,7xpJHorbY32dNwaRlBgXC5,The Way I Am Now,2025-10-17,1,single,3.77
0lRnxwJeUOxwEvWMw4uQKj,Think About Us,1,68,FALSE,Sonny Fodera,66,306842,house,1jmVSpWhzD8vciWg2Qtd5V,Think About Us,2025-10-17,1,single,2.96
6q43CVVE0VXEWlDjPdgH0c,Trophy Wife,1,32,TRUE,Annalise Azadian,31,5701,N/A,5XWqunjy0GiCQIOLtEyuyr,Trophy Wife,2025-10-17,1,single,2.86
0vXBmU9Zus9ZtbR4kvZAjH,baby can you sin for me,1,52,FALSE,Ex Habit,59,130408,dark r&b,5eudqcLVRKtOtQdlHQ2yrm,baby can you sin for me,2025-10-16,1,single,2.69
5UDCl2GNB6gT4ataiXTIGH,Wild Side,1,48,FALSE,Poul,53,1161,N/A,2U1CbDdkzsZ8noUsraKsoq,Wild Side,2025-10-16,1,single,2.5
0dtNBn7Uww8lHFTs6mittj,Amal,1,38,FALSE,Abeer Nehme,50,247771,"sholawat, khaleeji",18hYLYMgQLsJiAso2Kok7w,Amal,2025-10-15,1,single,3.88
2OZVskV28xxJjjhQqKTLSg,PIXELATED KISSES,1,88,TRUE,Joji,81,10638942,N/A,3FLlai6YTV9IwCU0KolG1w,PIXELATED KISSES,2025-10-14,1,single,1.84
27sGm7McOlhSQ1szOJlpt8,MEGAFAUNA,1,24,TRUE,Stanza,10,218,N/A,17Jly2HpndZXgnbRZediYa,MEGAFAUNA,2025-10-14,1,single,2.87
6wi4GsP24EbQK8xrFl9tqI,2nd To Me,1,31,TRUE,Christian Kennedy,14,297,N/A,3yNBj3T5eLzUUwNvSDTJGc,2nd To Me,2025-10-13,1,single,3.26
7Lo6USa0PiDkwSL3SkohSi,Leavin,1,70,TRUE,Rod Wave,76,9673984,N/A,3vz6TtkNMj2rdOIsJsTA3I,Leavin,2025-10-13,1,single,2.81
3Dy4xsff7c0fRaTJpA54yd,Gone Gone Gone,1,79,FALSE,David Guetta,87,27141717,edm,39FHrt5YWp4HY7dHDn8Owz,Gone Gone Gone,2025-10-10,2,single,3.3
6t62npoUwUGjrwIawdgwA5,Goodbye For Now,1,33,FALSE,Olivia Cox,18,1263,hipdut,5IewtRLurwyZX1ymMd423l,Goodbye For Now,2025-10-10,1,single,3.5
2uHi2Fc38bs1keR72wTpwd,Here and Now (Where I Wanna Be),1,35,FALSE,Briezman,23,445,big room,1FgfwzQy0rltxdT9ALU34H,Here and Now (Where I Wanna Be),2025-10-10,1,single,3.03
3oKtvkoervQjzXyh1OMHHq,Hold My Hand,1,35,FALSE,TAMMO,19,290,N/A,22vb50tbm97kkhmvCvnsik,Hold My Hand,2025-10-10,1,single,4.4
4nds6JYKbzMdpXwuINhSEZ,Part of Me,1,75,TRUE,A Boogie Wit da Hoodie,77,8986062,melodic rap,0UGixmRqK86q9d6T0kAFnv,Part of Me,2025-10-10,1,single,2.78
2n3qIOygTL44mYyPIqlH5q,Run For The Hills,1,37,FALSE,Jason Charles Miller,43,17999,N/A,1HH8fxqDDNMlKm2T5C7EuF,Run For The Hills,2025-10-10,1,single,3.12
0n2QFaU59wkNJW0ruoaGeY,So Far,1,28,FALSE,Visibly True,20,114,N/A,63iDybCEILGBowdFohSeSP,So Far,2025-10-10,1,single,3.07
6hjbNbbRdTCIW9qcZ8OA7t,Something Like This,1,33,FALSE,The Haygoods,20,7785,N/A,7ccsvL6dhojh3gW8ViZusg,Something Like This,2025-10-10,1,single,2.22
1DwscornXpj8fmOmYVlqZt,Stateside + Zara Larsson,10,74,FALSE,PinkPantheress,78,4761364,bedroom pop,12Lig9oAX9nvpWHft5cHgF,Fancy Some More?,2025-10-10,31,album,3.07
2qtQauWqPaGHrmrXbDa35k,Constellations,1,68,FALSE,Ian Asher,70,223449,N/A,03loS7NR32bzSoH06Z2ESq,Constellations,2025-10-10,1,single,2.73
0l72HGRQkAR0imHxvpLi8a,Die On This Hill,1,76,FALSE,SIENNA SPIRO,66,182377,N/A,5pIGU5FZ74YPdUrBdk9lcC,Die On This Hill,2025-10-10,3,single,3.61
4idqAxBL2zVyfyMhi8QSZK,Distance Of Living,9,35,FALSE,Aresty.,17,4,N/A,3Mrg0RD2DiR7ma3u3lb5zT,Distance Of Living (This Life),2025-10-10,9,album,2.72
4WFfPxJv1KRekG6mxn837K,EYES CLOSED (with ZAYN),1,88,FALSE,JISOO,73,7282227,k-pop,3LOalJiwqPsviLuoNboNfc,EYES CLOSED (with ZAYN),2025-10-10,1,single,3.02
6I65Y2uL3LrvFuBS5LNVZa,Getting Down,1,30,FALSE,gigi,13,5,N/A,6zU3BVqu50xiQRhlW5Gr2A,Getting Down,2025-10-10,1,single,3.13
0fOblXmOu0vHm0fa2RezCC,Alarm,1,18,FALSE,Millo,5,429,N/A,77C5CilG76Vovcb3mtKi09,Alarm,2025-10-10,1,single,3.02
1heaOeArQtwtQKRK0gJe42,All Night Long,1,39,FALSE,KOLBEIN,28,631,"hypertechno, melbourne bounce",1B1i85DEAvHLXu7FefdggZ,All Night Long,2025-10-10,1,single,2.75
3Du1WPZLhETDT6Jr4eumkU,ANYMORE,1,18,TRUE,ASH7ON,7,308,N/A,7l4BqichAiJVxsXmUcI2zh,ANYMORE,2025-10-10,1,single,2.91
3m2dgCQagVWkSha04cZn23,Bad Boy,1,60,FALSE,KROMA,54,11283,hard techno,3XuFyvJmX0CF4IlrGvkA9r,Bad Boy,2025-10-10,1,single,2.45
2omFbch4mNZo3ksaQeX78X,Break Out,1,39,FALSE,zukrassverliebt,24,435,N/A,4kgNI75BjnV2XiaOMvegxl,Break Out,2025-10-10,1,single,3.2
5LlDzb8dY5h4npkWKVmjT5,Tropical Vacation,1,40,FALSE,Riff Raff,48,193279,N/A,3qBIUlNmeUWR1ZMdkHYpTi,Tropical Vacation,2025-10-10,1,single,2.92
4J1B7f8dgMWAcAHEm6Mvi8,Chasing the Day,1,51,FALSE,TIMBER,32,37,N/A,1YpdA0q2CSLfAbPo24jED8,Chasing the Day,2025-10-09,1,single,2.63
0jPkYjkGxwWMsRaTQbhV0x,Used To Love,1,35,FALSE,Maithili Raelle,19,2633,N/A,6u5ctfBfLmlulyYDHhytqM,Used To Love,2025-10-08,1,single,2.21
7sgx2p6KPYPia5fowJNZzO,TBB,1,31,TRUE,Sabir,18,435,N/A,3cE0fQECVV51zi5yyXiTNE,TBB,2025-10-06,1,single,2.41
31TXxq8gfgYyrYClnYY48m,The Fate of Ophelia,1,87,FALSE,Taylor Swift,100,145443567,"country, pop, indie, folk",1W57oNaAkGObOQKBTxg4e9,The Life of a Showgirl,2025-10-03,12,album,3.76
5eXgqtg3T8Av0m1FUaGHex,The Life of a Showgirl (feat. Sabrina Carpenter),12,93,TRUE,Taylor Swift,100,145489371,"country, pop, indie, folk",4a6NzYL1YHRUgx9e3YZI6I,The Life of a Showgirl,2025-10-03,12,album,4.02
7wT275baetTMjwGNanHAno,The Serpent,1,53,FALSE,Besomorph,58,146969,slap house,49vfE41auPohus34Iino7x,The Serpent,2025-10-03,1,single,3.25
6r4DKBIre2t3kU3FYMhhbN,The Way I Know,1,29,FALSE,Padre Tóxico,26,13179,jazz rap,4YQutKXfSCLw7qJc4pITv4,The Way I Know,2025-10-03,1,single,2.15
52LucZg8sDnqlkwXL6E7uX,Turn Back Time,1,25,FALSE,Orvyn Sol,15,48,N/A,0fnBDKarUBIEuXZJT0r6DZ,Turn Back Time,2025-10-03,1,single,3.19
2fTj7u4KEt7JfWQw4Qgj2J,Wait For You,1,42,FALSE,MEDZ,37,6199,"melodic bass, future bass",5iaL4PoBJLEe9khqnoMgOu,Wait For You,2025-10-03,1,single,3.45
3gKR0BUqtDToXhqhTH7Opg,Rare,1,39,TRUE,Edd Stark,28,405,chicago drill,6OjZR1Cvok6hYjmtOlZYwQ,Rare,2025-10-03,1,single,2.9
2sMrvqJHSHGZ6uKcWoSNvW,Rock Your Body,2,28,FALSE,IV Tune,11,54,N/A,5kisseh1oMsVeVpbyWBV9L,Fortune,2025-10-03,7,album,2.81
62V2ZHslgQV98gH4AuVXnr,Ruin The Friendship,6,92,FALSE,Taylor Swift,100,145396321,"country, pop, indie, folk",4a6NzYL1YHRUgx9e3YZI6I,The Life of a Showgirl,2025-10-03,12,album,3.67
4DCyPp2B9vSmkPUkctFumT,Monsters,1,38,TRUE,IAN SIZE,32,1844,"melodic bass, nightcore, bass music",7FnI6a9PZTUp70KZ6whfAm,Monsters,2025-10-03,1,single,2.17
3yWuTOYDztXjZxdE2cIRUa,Opalite,3,97,FALSE,Taylor Swift,100,145443567,"country, pop, indie, folk",4a6NzYL1YHRUgx9e3YZI6I,The Life of a Showgirl,2025-10-03,12,album,3.92
1k2aDzjpZVZPA2N3mMLbWq,High Or Die,1,39,FALSE,Beatline,20,475,future house,0T13fYBtT1GpXgtdIiHcU8,High Or Die,2025-10-03,2,single,2.51
4qmFC3Jz5aQ0erlk2OSi2X,Honey,11,91,TRUE,Taylor Swift,100,145489371,"country, pop, indie, folk",4a6NzYL1YHRUgx9e3YZI6I,The Life of a Showgirl,2025-10-03,12,album,3.02
0P3GQuGbDqVP9ZMs19RcUa,i don't need ur love,1,55,TRUE,Rumelis,49,8741,dark r&b,5aLnMagPMABrEV5xexp5aJ,i don't need ur love,2025-10-03,2,single,2.23
29JrUHRJumKzVu5xeELYFV,It's Giving,1,40,FALSE,Third Vibes,24,3776,N/A,3qS8ON6xAgQy0IzS8ZxBGS,It's Giving,2025-10-03,1,single,2.49
2x3mwb96B6TquRqMtbxUE1,Actually Romantic,7,93,TRUE,Taylor Swift,100,145396321,"country, pop, indie, folk",4a6NzYL1YHRUgx9e3YZI6I,The Life of a Showgirl,2025-10-03,12,album,2.72
1jVMR9A0OYA8nFynsTnQsx,Broken Glass,1,32,TRUE,Phay,20,5344,N/A,4WZIszwKqggGyJvRiugyrS,Broken Glass,2025-10-03,1,single,2.27
1appZ3c336FkPvCuywfmrs,CANCELLED!,10,93,TRUE,Taylor Swift,100,145396321,"country, pop, indie, folk",4a6NzYL1YHRUgx9e3YZI6I,The Life of a Showgirl,2025-10-03,12,album,3.52
2TEQvxxQabwLQMqWMg1qGu,Wi$h Li$t,8,93,TRUE,Taylor Swift,100,145396321,"country, pop, indie, folk",4a6NzYL1YHRUgx9e3YZI6I,The Life of a Showgirl,2025-10-03,12,album,3.45
5ylJtmaWPJ33cW3En7WOu0,Wood,9,93,TRUE,Taylor Swift,100,145443567,"country, pop, indie, folk",4a6NzYL1YHRUgx9e3YZI6I,The Life of a Showgirl,2025-10-03,12,album,2.5
017erFbOyCrdz0yburnVGZ,you're a star,1,74,FALSE,Fred again..,77,2201446,"stutter house, house",3dmu97DsoFpSptXPtJEzCJ,you're a star,2025-10-03,1,single,3.65
5E2y5TSb2RJNCO01QjkgLf,Days Like These,3,75,FALSE,Luke Combs,83,13402920,country,40xQAz7RDjeznOtTYeEMLs,The Prequel,2025-10-03,3,single,3.69
62HoDY1Km6lm47haFpUn9c,Eldest Daughter,5,92,TRUE,Taylor Swift,100,145396321,"country, pop, indie, folk",4a6NzYL1YHRUgx9e3YZI6I,The Life of a Showgirl,2025-10-03,12,album,4.1
1jgTiNob5cVyXeJ3WgX5bL,Elizabeth Taylor,2,95,FALSE,Taylor Swift,100,145489371,"country, pop, indie, folk",4a6NzYL1YHRUgx9e3YZI6I,The Life of a Showgirl,2025-10-03,12,album,3.47
4O31bgaZWxZkF3uHrdyavg,Energy,1,40,FALSE,Tolou,28,4401,N/A,3RqIFGcrmoqWMV7t9S4lh2,Energy,2025-10-03,1,single,3.04
03bTIHJElXZ0O0jqOQvAbY,Father Figure,4,94,TRUE,Taylor Swift,100,145542136,"country, pop, indie, folk",4a6NzYL1YHRUgx9e3YZI6I,The Life of a Showgirl,2025-10-03,12,album,3.54
4NgPNxsqi2HQ7AnCvvRK8G,Super Woman,2,35,FALSE,Haifa Wehbe,51,1151605,"egyptian pop, khaleeji",5XIpOWNfS3eGY9RSxtsg8Q,Mega Haifa,2025-10-02,6,single,3.72
1dosSsKwYF7hoQA2kuu6wI,The Fate of Ophelia,3,75,FALSE,Taylor Swift,100,145443567,"country, pop, indie, folk",4tFsJC9jQ0Qjj7HSExhAdm,The Life of a Showgirl (Track by Track Version),2025-10-02,26,album,3.76
1auysW6jt1rZwBGyEDRKWc,Ties in Texas,1,42,FALSE,Lindsey Fish,23,3629,N/A,6kKwUpSKqq2ESNPwk4mV0z,Ties in Texas,2025-10-02,1,single,3.11
0N979cmYBbE2TyhrW6KZu0,Till We Meet Again,1,52,FALSE,Van Herpen,37,1081,N/A,0ZeOEJSTeArDoeDk9FIqrT,Till We Meet Again,2025-10-02,1,single,2.46
280erC1K7sdT9ngrmIW3Fl,VHS,1,36,FALSE,Eiza Murphy,20,4162,N/A,3m2rW07CPQ0m7CPRs331PV,VHS,2025-10-02,1,single,3.57
3SHZFceclOHREMcgZJERnf,يا قلبي أنا,1,31,FALSE,Anthony Touma,20,3260,moroccan pop,0QJ0Q3QqJRikK1EdWzYQCS,يا قلبي أنا,2025-10-02,1,single,2.85
7AD4wFJjj4o3goO7FHtSW8,Heisenberg,1,54,FALSE,Soolking,69,6204568,"french rap, pop urbaine, french r&b, moroccan pop",03DQwQwDBPlEoYLgsZrn9d,Heisenberg,2025-10-02,1,single,2.51
3Mo4pOC2m12uXZKV3CYVsI,ENCOSTA NA QUEBRADA,1,11,TRUE,Tarja Preta 013,12,80,N/A,0jRgjsC1gLn5TaQ1KxEj3K,ENCOSTA NA QUEBRADA,2025-10-01,1,single,2.61
3l2ruzIpduKBz0OOSHl3sS,MAD SCIENTIST,2,23,FALSE,Homeboy Delmar,13,22,N/A,4kDfd9klHcraucJMp44v9W,CELEBRITY ON THE SAND,2025-10-01,5,single,2.51
22fpETmqgcXJL6AhdJh6iV,Pick A Side,1,46,TRUE,4ourty8,29,6670,N/A,7cWdt7NxKyn9OrQOSbcJrY,Pick A Side,2025-10-01,1,single,2.33
3dIJ5WV6Rog364UqLbBP5R,Something Must Sup,1,28,FALSE,Kaptain Swizzy,13,290,N/A,2n1nDA48H03nQJS03g4gmn,Something Must Sup,2025-10-01,1,single,2.99
2eIMpbGVn6i5PKqoMAiq1T,Still on the go,1,27,FALSE,KEV-Y,12,6,N/A,26Ft7Jje9sFfFU8YNaCBem,Still on the go,2025-10-01,1,single,3.66
4hFt3Ht6b9OLsesqx51aq1,superstar,1,68,TRUE,Artemas,74,1377042,N/A,2r7vK3RnYfofnAkMruYhSI,superstar,2025-10-01,3,single,2.82
2iczyHyjgSKeT5HrXkdv2X,Touch Bress,1,26,TRUE,Fameboy BL,14,192,N/A,1VxMimfaUp2mHk6no0Rt51,Touch Bress,2025-09-30,1,single,3.16
1laJP8wLuA8oVnfREaCPxr,Hot (Cut Water),1,24,TRUE,Big Jude,8,13,N/A,359uI58UXQPRDp2ZyJaak5,Hot (Cut Water),2025-09-30,1,single,1.7
4kwedianT9A4FOCTBRZEmJ,Don't Need Him,1,36,TRUE,Shelailai,23,2256,N/A,4TcMHQXoMshvClT6kz0aIw,Don't Need Him,2025-09-30,1,single,2.57
6DYul32gElizGgTrtRYrNY,gigolo,1,77,TRUE,bbno$,78,2730121,N/A,58Xf2l1m7iWhfwoRjx75C0,gigolo,2025-09-30,1,single,1.97
01Fsn1fOVtC90pQatV6OqE,"I´m the Boss, You Know",1,17,TRUE,Camilla Sun,6,3,N/A,3JA6vtZ2Rv7DTFjcN92cS0,"I´m the Boss, You Know",2025-09-29,1,single,2.21
7hH6xRAqH9yCkPfRVDGHrt,Wall Flowers,1,56,FALSE,POW,45,73003,N/A,6JNlu1MYZPrJTU7KC3wJj8,Wall Flowers,2025-09-29,1,single,3
1rRQbz1Co1QxxRq4852AgI,My New Ex,1,50,FALSE,Ana Shine,45,27570,N/A,2llBy2tM0pZgbj0nOAtKH8,My New Ex,2025-09-28,1,single,3.2
4GAqLL3l5bM2VyTlZ1Lub0,Need You Know,12,43,FALSE,JD & The Straight Chasers,49,1874,N/A,0thIG0Zu7K49qQE13Cr53K,Southern Comfort Classics (Deluxe Version),2025-09-28,14,album,2.6
4IkFCv3PASUNvPVuwMnjnu,Picture,14,35,FALSE,JD & The Straight Chasers,49,1855,N/A,0thIG0Zu7K49qQE13Cr53K,Southern Comfort Classics (Deluxe Version),2025-09-28,14,album,2.92
3wicn7uBSaGtBLTSbjsnmy,You Make It Easy,11,39,FALSE,JD & The Straight Chasers,49,1874,N/A,0thIG0Zu7K49qQE13Cr53K,Southern Comfort Classics (Deluxe Version),2025-09-28,14,album,2.08
0mMlCTDHCyBiCv0Dj0dDyN,Chicken Fried,8,41,FALSE,JD & The Straight Chasers,49,1866,N/A,0thIG0Zu7K49qQE13Cr53K,Southern Comfort Classics (Deluxe Version),2025-09-28,14,album,2.59
0SpmzpKIlAthaOVXjlnh4p,Body,1,36,TRUE,Misfit Milli,22,90,jersey club,7KBVG2181o0BmMgrcgRiLQ,Body,2025-09-27,1,single,2.22
008IUIsNQSU2VURuEnhGgj,By My Side,1,36,FALSE,Khari!,19,1413,N/A,6qY485VczzLt075kfhyb6d,By My Side,2025-09-26,1,single,2.82
2oa1QiGJTfqvD5i4mRhV4O,take a dive,1,36,FALSE,India Thieriot,24,2803,N/A,2pcTtrMr36wWuk8MWyWzq4,take a dive,2025-09-26,1,single,2.85
04a44cx2PJthIbN2aLMXhl,TIT FOR TAT,1,91,TRUE,Tate McRae,88,9256589,pop,1ks1k7zln4TyBjn1CF3vCz,TIT FOR TAT,2025-09-26,1,single,2.93
23JdfQOgv9Z3MsSAaIsjmB,TNA,1,37,TRUE,Amb1shn,19,139,bongo flava,0sXtDJxg9UeuqQSfYbhFHP,TNA,2025-09-26,1,single,3.03
2ZCDXVmOLnKUHYVpycIq5F,What You Is,1,74,TRUE,YoungBoy Never Broke Again,84,14936207,N/A,6hGxO3RlfPxP0OuXukj5Ju,What You Is,2025-09-26,1,single,3.76
2AFgJ1Azad5HjsTa2QhFlZ,Habibi,1,27,FALSE,Allison Amber Hage,18,69,N/A,414Yi6g6MykIuEN9mdzCoE,Habibi,2025-09-26,1,single,2.83
03AhbPoniP5uqqJKYGWgZE,Come Find Me (with Clementine Douglas),1,68,FALSE,MK,69,354095,house,2D48QGD5lU5kErH6PxLjTs,Come Find Me (with Clementine Douglas),2025-09-26,1,single,3.45
1cxNr9Y2kNhKntoHgpF43y,Did You Cry,6,33,FALSE,Maggie Andrew,20,2448,N/A,7H4nYZK9418cb7pHJ3jue6,HOW TO SING FOR MONEY,2025-09-26,7,single,2.74
709ZIqPHyFOpx2QdjmeWAM,Dracula,1,85,TRUE,Tame Impala,84,9509731,"neo-psychedelic, indie",2kCjkEVRnLdEV5UOaQSAG4,Dracula,2025-09-26,3,single,3.42
4zddyNQewMTFOsMnQ8fCv2,Feel Like This,1,49,FALSE,N'John,34,9375,N/A,5j0KKJr4uJxRe8Z8ZdiMyd,Feel Like This,2025-09-26,1,single,2.62
2V4BFK5l3cXhPXikBTQBxt,Flip Dat - feat. Babyface Ray,2,52,TRUE,Ashwin Gane,47,2695,hipdut,1dThBnOTTZO3S7W1Y3FnyR,Flip Dat,2025-09-26,4,single,3.21
325g0RWZE2WD3BfRY5iWsr,You Showed Me Love,2,43,FALSE,Terry Parks,24,26,N/A,3J7XqMCiYC5mKOH6ilyuWJ,"Heartfelt Media Group, Vol. 1",2025-09-26,24,album,4.51
1ZzeDMKKZCFvghNJIO7uuP,Let Me Know,1,29,FALSE,Kelsey Olivia,15,3150,N/A,7F1SEfemkvgrnT8cenAXsF,Let Me Know,2025-09-26,1,single,3.63
29HtYBjZ4R0ZuEdmlrxJIt,michigan,3,30,FALSE,Siena Fantini,13,183,indie r&b,4J8czQ9vX30BBYHEd1oO7V,what is it with me?,2025-09-26,4,single,4.42
75airck78OVZNUDuStHb9p,Movin' On,1,43,FALSE,Rob Wolf,25,1152,N/A,59IemnGXxvDGYVlTUrRF4z,Movin' On,2025-09-26,1,single,3.36
4xdb5NoeB3RTfgdZww0FE6,MY PEOPLE II,1,41,TRUE,Konet,25,569,afrobeat,2HrTlo7PUWEwOQECV9AcEI,MY PEOPLE II,2025-09-26,2,single,2.59
7bxIw20q3peJdxKAC3VYgC,No Shirt,1,39,TRUE,Rockstar Jt,25,10987,christian hip hop,32jGZ7QnQ5WPyc8mEl1uuU,No Shirt,2025-09-26,1,single,2.81
4R8nC9Xq3alkz4piaQd34S,nothing at all,1,33,TRUE,Elliot,20,4873,N/A,5qCrlkXncgAS7h7f5VsOGa,nothing at all,2025-09-26,1,single,3.47
5OZpkfJHH6V1Kx7L0IcQaa,San Francisco,1,39,FALSE,Madi Rindge,23,3112,N/A,4VyWW5waswcTLAmZKt8vC2,San Francisco,2025-09-26,1,single,3.37
74KTHPMotSSPL2pgSy1KwZ,Save Me,1,41,FALSE,Happening Now,23,175,N/A,2f0XGheNivGtsizi291hrE,Save Me,2025-09-26,1,single,2.96
6hVveT2bbe26sV6TiN7a77,SEXIFY,1,38,FALSE,Nick Hissom,22,2001,N/A,1ZAKqj0r5HY7LTfcJpDCsL,SEXIFY,2025-09-26,1,single,2.05
6sGIMrtIzQjdzNndVxe397,So Easy (To Fall In Love),5,90,FALSE,Olivia Dean,88,1499215,pop soul,0l8zYqoUeBYg47Gmevq9HZ,The Art of Loving,2025-09-26,12,album,2.81
2t9NPxWJOyncGxWlmf69xQ,Rock Show,1,40,TRUE,Breakfast For Joey,23,114,N/A,5Ajc5M8QLIT9Xrp6HFVJwr,Rock Show,2025-09-25,1,single,2.58
0cijIjFIlNWbrFeTv5IBpN,Rolling Stone,1,34,TRUE,st.James,17,1254,N/A,7HgNFc1L2i9t5ZnoXGQy3Y,Rolling Stone,2025-09-25,1,single,3.08
5p1cQtrKCakcObQYSw4QBL,SEEN THROUGH YOU,1,13,TRUE,SPTEMBRR,4,1909,N/A,1jTmQUPtIP9PRVth4AxfYx,SEEN THROUGH YOU,2025-09-25,1,single,2.95
1rq8oj4pctDQiYTjmzl852,Alive,1,36,FALSE,Lafferty,18,181,N/A,5Ypa8QXUAcoNLON7Vvdft5,Alive,2025-09-25,1,single,2.81
1DlZLLJXTWaxQD9HCtqjtj,Don’t Listen,1,37,FALSE,Mblue,38,6157,N/A,5wzGdpDIwI6mPSQaXQkuyI,Don’t Listen,2025-09-25,1,single,2.9
3AmAMaOr9MW6yl361AlATs,Finest Boy,1,21,FALSE,Boyshegz,7,3,N/A,6iMzh8DFqe4mJ26QMY6YwS,Finest Boy,2025-09-25,1,single,2.8
68APF7rM3bIxKCjqeO1QSZ,ADD,1,68,TRUE,Khantrast,62,394628,"anime rap, anime",2NaTp3h74cDqtrlgDe9b4W,ADD,2025-09-24,1,single,2.62
1NxtYAuMQ69Tt7JzTNJyDu,LEGENDARY,1,25,FALSE,Sawd Yute,9,36,N/A,4ESicJbt1hcmMa760j8X8G,LEGENDARY,2025-09-24,1,single,2.57
5NP1iBZqLHZEDmVb2YKor9,Loader,1,37,FALSE,AthenaDME,22,178,"3 step, gqom",5f469pJg3kGAaRjgHcaGs3,D Main Event,2025-09-24,6,single,2.15
4KVFJwMQtIAeRJVAIOGkye,Never Know What To Say,3,32,FALSE,Kris James,35,1803,N/A,5pdaddrPUJy4oCM9TPPec2,Pixelated Heart,2025-09-24,14,album,2.76
7ILYtGTvkUDpUh0gZ40ggX,I Didn't Need Him,1,27,FALSE,Brooke Star,10,60,N/A,33Fv8Y2e8jAGbPSn91HliR,I Didn't Need Him,2025-09-23,1,single,3.61
2AtkXkBtqjF4AnJuvM9Gyc,Question,6,18,FALSE,Benniee,16,104,N/A,3CXhCyquX7qyk3Q6Sih1w8,From Something to Somewhere Else,2025-09-21,7,album,2.64
44Nq5zttH1vEGlAAUr1UQI,She´s in the Game (Brazilian Funk),1,13,TRUE,Mc Slug,3,4,"funk de bh, funk carioca",1ZDJdxjW0l9k9goSMxJoPe,She´s in the Game (Brazilian Funk),2025-09-20,1,single,2.49
1n4Y7LSSZ38HgEdpPpivpg,Post Sex Clarity,8,78,FALSE,Lola Young,77,1461346,N/A,5jUCvcrzCNng7N3iNVY4ts,I’m Only F**king Myself,2025-09-19,14,album,4.36
2wn0AYkmcF0Cm7PmvA7hJ7,Pretty & Petty,13,74,TRUE,Cardi B,81,25953771,N/A,1LsNb6mVitbLZCxnRsbCDJ,AM I THE DRAMA?,2025-09-19,23,album,3.05
2TOdZoIvGceoSjlrYkILrX,Psycho,1,44,FALSE,BURY,52,21748,dark r&b,5HDxcAIdBVavuw7UdD2zFV,Psycho,2025-09-19,3,single,3.07
6xoP2gPOZ0TWljbNcCeo3b,Pure Intoxication,7,27,FALSE,GINAxC,18,232,N/A,5ffi8DCbbQ5cKzSVdReWgB,MY DNA,2025-09-19,12,album,2.55
255b0ogmKeKJSb36lgKng5,Rush From You,1,49,TRUE,Rumelis,49,8802,dark r&b,2wyiqNFU4p1dM1Fm0qD1qp,Rush From You,2025-09-19,2,single,2.51
5q9I5RmmrLC4U2mW2BnF3K,Safe (feat. Kehlani),8,75,TRUE,Cardi B,81,25953771,N/A,1LsNb6mVitbLZCxnRsbCDJ,AM I THE DRAMA?,2025-09-19,23,album,2.96
5P9nLjjpKczdnhypJa5teO,Holy Sin,1,47,FALSE,Besomorph,58,146969,slap house,0HpZGevqOOW5s7Ji0znHkl,Holy Sin,2025-09-19,1,single,2.42
2jrMjstPcrgWx9ZUIV8qmW,I Kill Spiders,1,35,FALSE,Libby Ember,19,181,N/A,3rwRrvZIMD9kyc5y1qUbP8,I Kill Spiders,2025-09-19,4,single,3.69
7dHblXsJTRemgyIvFNJE7t,Magnet,3,71,TRUE,Cardi B,81,25957976,N/A,1LsNb6mVitbLZCxnRsbCDJ,AM I THE DRAMA?,2025-09-19,23,album,2.97
7sPDXQIinC20oDNmZ4rorr,Man Ray,1,31,FALSE,Ananya,15,1068,N/A,3iWjRDiDopj3rntTt2hYMc,Man Ray,2025-09-19,1,single,3.63
7lIzKPkQt0HpYTXxlcDvjE,Can't Take My Eyes Off You,1,38,FALSE,Sarah Berg,35,1843,N/A,6CsOJCea4cwzWF6t6hMU3a,Can't Take My Eyes Off You,2025-09-19,1,single,2.26
1kO8TSZU0ORR4eJpirLPGW,DEPRESSED,1,69,TRUE,Anne-Marie,75,12848260,N/A,4wdp5hBwGx9AgqUoiCCDUV,DEPRESSED,2025-09-19,1,single,2.3
2cBtsB7Pi89q9yWk59a2sX,ErrTime,16,69,TRUE,Cardi B,81,25957976,N/A,1LsNb6mVitbLZCxnRsbCDJ,AM I THE DRAMA?,2025-09-19,23,album,2.44
7xTj6ebYObTgOq8tuu6QwC,Fly Before I Fall,3,31,FALSE,Tera Lynne Fister,22,1274,N/A,1Ky161U9xfQ39gg9YmwqHw,Flowers From The Ground Reimagined,2025-09-19,4,single,3.88
79ez2OeIl0jD5tvwyoaG5B,Get Ready To Feel Good,1,22,FALSE,shotty,11,382,N/A,0ToLj7bYRvLGZPFJu201QD,Get Ready To Feel Good,2025-09-19,1,single,3.92
55lijDD6OAjLFFUHU9tcDm,WHERE IS MY HUSBAND!,1,92,FALSE,RAYE,81,2853248,N/A,01sqwTOTrN9gaYQc1rr6Zw,WHERE IS MY HUSBAND!,2025-09-19,1,single,3.27
232XkteimvbgWxIwfDsdMX,WHO,1,40,FALSE,TAILIAH BREON,22,49,N/A,6Zf8PUHcylkFuQ9B3EkYq5,WHO,2025-09-19,1,single,3.11
6cUmrDYjL42bJbyVli9ok9,Wire,2,42,TRUE,Laime,36,31236,"alté, nigerian drill, afrobeats, afrobeat",2YCmuYFmpWaioi9FFFvs9x,State of Emergency (Summer Never Happened),2025-09-19,3,single,2.95
7vQX4zU0JdBmIuQUCve0EU,You Left,1,40,FALSE,shams,22,227,melodic bass,235p7xwM07tMwNbUD3dJ3l,You Left,2025-09-19,1,single,3.97
0LS7hve8of6NHHCL2bWMJt,I Am Nobody,1,54,FALSE,MARE,50,3963,N/A,7wPoQhLTu6ep2FayEIFLUZ,I Am Nobody,2025-09-18,1,single,2.25
2G348SqVbsQYYvCsQpLpnY,Search Party!,1,58,FALSE,The All-American Rejects,67,3134091,"pop punk, emo",6QFFlzCWi0nB4iwqByUreu,Search Party!,2025-09-18,3,single,4.38
53OW7YksYVzJIWjQGYc4xI,Shangri-La,1,39,FALSE,Egzod,62,225797,N/A,2lSaIwhi64HvrBBxX9JsMV,Shangri-La,2025-09-18,1,single,3.31
7lCBSUxEyin3JvrGEegRah,Red Shredded Paper,11,26,FALSE,Lola Blanc,47,163172,N/A,6EBOWa0SjlXmcxOkI72WXW,Crowd Pleaser,2025-09-17,13,album,4.17
4QiUN7Xquwdkz2Na700Wwv,Take My Hand,4,39,FALSE,Will Roush,33,6678,N/A,6BJ25snNyTn3EhwCZ5cTjC,Water We Doing?,2025-09-17,4,single,3.22
6RxxVIvhvWHJq1Ay6RkaHZ,CRAVE,1,52,FALSE,Beneld,53,19064,dark r&b,6e9DMNJAiQCBdYZAeZpSxd,CRAVE,2025-09-17,3,single,2.96
6PB2A4yjRvHk9GbXUHliEu,Creme Brulee,2,44,FALSE,Will Roush,33,6685,N/A,6BJ25snNyTn3EhwCZ5cTjC,Water We Doing?,2025-09-17,4,single,2.95
1MRQwPALA1tTvGIV4BKvMZ,Ghost Town,1,42,FALSE,Will Roush,33,6683,N/A,6BJ25snNyTn3EhwCZ5cTjC,Water We Doing?,2025-09-17,4,single,3.08
1lBaHg7aO3gXEh8WwP7V0H,Obssessed,1,17,TRUE,Voncho,12,390,melodic rap,75oeOiZN5SGo9Uxi7fP7Fg,Obssessed,2025-09-17,1,single,3
3F4ZeO619wlwPqgxTOSK2S,Amor Infinito,1,17,FALSE,Mauricio Maia,4,276,N/A,06Cx6gpouFqAqw0scvF30w,Amor infinito,2025-09-17,2,single,2.62
6v1kEKdETU536qgvfR8Ph1,Millionaire,1,47,TRUE,Lil Q,33,319,N/A,2jSnuyqXzrxSEma1kd3PxD,Millionaire,2025-09-16,1,single,3.01
2W30LB3QaD0tA29WVUPnyO,Rise of the Machines,1,16,FALSE,MARA,8,12,N/A,24rL6d2DpnPLUxQsKczMJS,Rise of The Machines,2025-09-15,11,album,3.9
4MCkRDnhBmPym2PTHrOkLD,Silicon Heart,5,16,FALSE,MARA,8,12,N/A,24rL6d2DpnPLUxQsKczMJS,Rise of The Machines,2025-09-15,11,album,4.08
2ZKgStqrbnW7J2yVdbmkuu,I Need Some Time,4,17,TRUE,John Brandt,8,39,N/A,5OU38onkQUXsG3yiPWEAoB,Midnight Musing,2025-09-15,6,single,4.6
7iokwexO2pEmwbfkUU7mXb,Falling Stars,1,43,TRUE,AZERDK,30,1655,N/A,76G1dwc1nFTJQ6kFpMDY8o,Falling Stars,2025-09-15,1,single,4
74rAe9FYlLdB1U6HONcHg9,Eddie Kane - Radio Edit,8,10,FALSE,J.I.Bri,16,2177,N/A,3EFPQ6eWkUj3g8kNXF6fKl,"The THRILL is Back, Vol. 1 (Clean Version)",2025-09-12,11,album,3.26
6PdKA57lUIzOyptHfdZMva,Funeral,1,41,FALSE,JeLa,44,1499,N/A,5pSb2Kr9jVQyLp9H7P0obn,Funeral,2025-09-12,1,single,2.8
7CHzHT86zvEkeZpVPr6IgL,Seventeen,1,27,FALSE,Kate Anstey,10,34,N/A,067t3qgBnltGBK7PLrfBKF,Seventeen,2025-09-12,1,single,3.2
1eLfsiFKFVpvPXi1IFSZGO,My Best,2,50,FALSE,A!MS,47,7071,N/A,2qrlZrd3vHcB26h2uvkUlA,Peak Season,2025-09-12,9,album,2.88
2lCeVXvAGYUud5smJ9PhGv,Good Time Gone,1,53,FALSE,Lexie Stevenson,34,103,N/A,2nz40FmZPm6hKanAyD6OIH,Good Time Gone,2025-09-12,1,single,3.4
7ksHySXQO1EMxmecq9k0SF,irl,1,42,FALSE,joegarratt,31,2956,future house,72UUPOfxYe90BhqHPRVE8Y,irl,2025-09-12,1,single,2.57
5jAKEKeNzRbcuKlWGv9cT1,TKO,4,49,TRUE,A!MS,47,7045,N/A,2qrlZrd3vHcB26h2uvkUlA,Peak Season,2025-09-12,9,album,2.02
7woJR9AI4OwLIpzzP6Y3Yy,Aye Ma,1,40,TRUE,Big Swapp,22,32,N/A,7w0Lzkx5mCSJPUTIQZjxgL,Aye Ma,2025-09-12,1,single,1.69
4HUfvzEUU54VoSq5SWdOcJ,Bak 2 Bak,1,41,FALSE,Taene,33,1639,afrobeats,0JJqqLQzjelVajz0Pb87qY,Bak 2 Bak,2025-09-12,1,single,2.99
5PXUWF5p5Prmul75Rye7mb,BASIC,1,33,TRUE,Lali Banks,15,39,N/A,0pjQe69BiCOO5C4csSGD5H,BASIC,2025-09-12,1,single,2.13
6vqyk3mbDBv3npTpctYoka,Camera,6,79,FALSE,Ed Sheeran,88,122773292,soft pop,20dY0uZi9SzfrcWYfiWGqH,Play,2025-09-12,13,album,3.59
7DmGjrkQml1VCIgvrdNW3G,Chorei por Aí,1,15,FALSE,Marcos Neiva,7,1022,arrocha,2gV2oyTSgiwN0my2wLApf2,Chorei por Aí,2025-09-12,1,single,2.97
4G7bbgD2DHORU4frrWoCXp,Posso Até Não Te Dar Flores,1,85,TRUE,DJ Japa NK,75,282947,"brazilian funk, trap funk, funk consciente",460wiqQRw27a2OHTCegXKF,Posso Até Não Te Dar Flores,2025-09-11,1,single,2.64
0TQ5bJ44VHnFZyC16folF0,Voy a Brillar (Reggae),1,16,FALSE,Serena Kaya,4,4,N/A,27w5XHZuaNhkB8hyf07rYt,Voy a Brillar (Reggae),2025-09-11,1,single,2.73
5YZvDeQOUhItx80C7KJCfX,How It Goes,1,54,FALSE,Hanno,45,2752,N/A,1O1H7mCSHDjRrughNesgv5,How It Goes,2025-09-11,1,single,2.05
4zzfmeA6MXiM9O4anGZkq5,Just Like Heaven - Live From Glastonbury,2,55,FALSE,Olivia Rodrigo,85,49083617,"pop rock, alternative pop, pop punk",5BBcARy3vgB43n1VZELFno,Friday I'm In Love / Just Like Heaven - Live From Glastonbury (A BBC Recording),2025-09-08,2,single,3.92
388JceJm7784qgHipfPKmr,Friday I'm In Love - Live From Glastonbury,1,61,FALSE,Olivia Rodrigo,84,49050008,"pop rock, alternative pop, pop punk",5BBcARy3vgB43n1VZELFno,Friday I'm In Love / Just Like Heaven - Live From Glastonbury (A BBC Recording),2025-09-08,2,single,4.11
3orYgsOb8x1HPVwzeZBCur,Engolindo a lua,1,30,FALSE,Dennis Lucca,20,1897,N/A,7Awl3HSQuxjjtYECRMGwfw,Engolindo a lua,2025-09-06,1,single,3.04
4Xj6u5UdqINhGItVdwCLZp,Dangerous Love,1,44,FALSE,Mandrazo,48,10272,N/A,1QGNm8ogCVLC7LpID6oW2e,Dangerous Love,2025-09-05,3,single,2.81
4HBeFgbY9VV7UuMltmCIw0,Gettin' Older (feat. YoungBoy Never Broke Again),1,54,TRUE,Jas Von,39,9729,N/A,1GygYlo45HwMR1HGwrhy92,Gettin' Older (feat. YoungBoy Never Broke Again),2025-09-05,1,single,2.78
56sExwBBmnDoRErXqghqrW,best. day. ever.,1,47,FALSE,Scoobert Doobert,36,5606,N/A,3s4WBNxX2SLcpjrooq7DLH,best. day. ever.,2025-09-05,1,single,2.63
77CvPAHOsHWl43rUV3zsg6,Bossa velha,1,28,FALSE,SEHORE,12,44,N/A,3AbjktdqYdSuLCd5woeiLq,Husfikbur,2025-09-05,14,album,3.38
1CjFD8mc8f40JtIIK0NRGA,Lonely Together,1,55,FALSE,Sickick,64,1211803,N/A,2ElnFFhFJYiHK0KGc4shds,Lonely Together,2025-09-05,2,single,2.6
1mEQbSq0PCNjyL6oMgHKFQ,LOVE SONG,3,75,FALSE,Justin Bieber,91,85008100,"pop, contemporary r&b",2KrREEyHxkdFGYAd1DmMdS,SWAG II,2025-09-05,44,album,2.87
4hJNJqTcFptFRWfTjRpr3d,Rose Colored Glasses,3,33,FALSE,America Allen,20,696,N/A,5Nyg6oKDT5RO3vZeqKn1id,Lace to Ashes,2025-09-04,4,single,3.57
3NFs3XUduzBfvc5Bx1gmzh,The Dead Dance,1,84,FALSE,Lady Gaga,88,42237551,"art pop, pop",1KdrtZn2AmuQPHKIr3h4e6,The Dead Dance,2025-09-03,1,single,3.8
51opBUruRqfn4bgIuf5nwU,The Beast,15,56,FALSE,Lady Gaga,88,42237551,"art pop, pop",3ARwSvDQv2OHYnLeDC3Lxi,MAYHEM,2025-09-01,17,album,3.9
5pobX21I8uZdHM8YOWItU7,The Dead Dance,9,80,FALSE,Lady Gaga,89,42275793,"art pop, pop",3ARwSvDQv2OHYnLeDC3Lxi,MAYHEM,2025-09-01,17,album,3.8
6A331YYR5zoG6XixuHX7yE,Vanish Into You,6,61,FALSE,Lady Gaga,88,42256604,"art pop, pop",3ARwSvDQv2OHYnLeDC3Lxi,MAYHEM,2025-09-01,17,album,4.08
4oT5126hWjtMCeZMu2RnSx,Die With A Smile,17,55,FALSE,Lady Gaga,88,42237551,"art pop, pop",3ARwSvDQv2OHYnLeDC3Lxi,MAYHEM,2025-09-01,17,album,4.19
7ffAlbOWcI5u6NN6XHPfSS,Disease,1,61,FALSE,Lady Gaga,88,42237551,"art pop, pop",3ARwSvDQv2OHYnLeDC3Lxi,MAYHEM,2025-09-01,17,album,3.83
65vAx13K5AlJ5IEpw2ZcTK,Don't Call Tonight,12,58,FALSE,Lady Gaga,88,42256604,"art pop, pop",3ARwSvDQv2OHYnLeDC3Lxi,MAYHEM,2025-09-01,17,album,3.76
4iKIF8qI3dq6fntHeIdcAw,Garden Of Eden,3,62,FALSE,Lady Gaga,88,42256604,"art pop, pop",3ARwSvDQv2OHYnLeDC3Lxi,MAYHEM,2025-09-01,17,album,3.99
4XMtEsNnR4nOFeyTBQqxnp,Yonderer,1,37,FALSE,Cj Hooper,19,267,N/A,1JvpiKfsyL9wgw6akF8K8M,Yonderer,2025-09-01,1,single,3.47
4vQcqtphmJBR5R44F5iNvl,Zombieboy,8,60,FALSE,Lady Gaga,88,42256604,"art pop, pop",3ARwSvDQv2OHYnLeDC3Lxi,MAYHEM,2025-09-01,17,album,3.55
6AWldBTJJWOv0VbrNZXFEw,How Bad Do U Want Me,11,60,TRUE,Lady Gaga,88,42237551,"art pop, pop",3ARwSvDQv2OHYnLeDC3Lxi,MAYHEM,2025-09-01,17,album,3.98
6iAWfzQSSHemnvL5yq1q2k,Kill For Love,13,66,FALSE,Lady Gaga,88,42256604,"art pop, pop",3ARwSvDQv2OHYnLeDC3Lxi,MAYHEM,2025-09-01,17,album,4.11
0RxdWAztwE2qKbtYk7NNWr,Killah (feat. Gesaffelstein),7,59,TRUE,Lady Gaga,88,42256604,"art pop, pop",3ARwSvDQv2OHYnLeDC3Lxi,MAYHEM,2025-09-01,17,album,3.51
5amdAZWVhOqFHodIyf53bI,Perfect Celebrity,4,60,FALSE,Lady Gaga,89,42275793,"art pop, pop",3ARwSvDQv2OHYnLeDC3Lxi,MAYHEM,2025-09-01,17,album,3.82
0MjkLEOp7lHilik4t8G9oJ,Shadow Of A Man,14,58,FALSE,Lady Gaga,88,42256604,"art pop, pop",3ARwSvDQv2OHYnLeDC3Lxi,MAYHEM,2025-09-01,17,album,3.32
2Xunjp5lfCjPJKuiWEVA5O,LoveDrug,10,60,FALSE,Lady Gaga,88,42237551,"art pop, pop",3ARwSvDQv2OHYnLeDC3Lxi,MAYHEM,2025-09-01,17,album,3.22
0XXxTyNb3Q0DPxpf0kQi8P,Machine,1,39,FALSE,Rob Thomas,62,973349,N/A,5qrls7LonwyZYXnhxETAEC,Machine,2025-09-01,4,single,2.67
4vcDr56fq4Jjxpegx3XPnv,Abracadabra,2,62,FALSE,Lady Gaga,89,42275793,"art pop, pop",3ARwSvDQv2OHYnLeDC3Lxi,MAYHEM,2025-09-01,17,album,3.72
4tniPU1iKcOa0VIjzOVxYi,Blade Of Grass,16,55,FALSE,Lady Gaga,88,42256604,"art pop, pop",3ARwSvDQv2OHYnLeDC3Lxi,MAYHEM,2025-09-01,17,album,4.28
1d9AAVXN2uohnH4Fe07Xxn,Can’t Stop the High,5,64,TRUE,Lady Gaga,88,42237551,"art pop, pop",3ARwSvDQv2OHYnLeDC3Lxi,MAYHEM,2025-09-01,17,album,3.51
59MaR36AmjuKGwOdlvltpT,still smokin,1,43,FALSE,RXRXBBIT,32,592,N/A,5OKzkp4EQQefDX9Lww067D,still smokin,2025-08-31,1,single,2.66
3APNT0fEBIJTvq4uiBJLHo,PRICE,1,20,TRUE,Or Barak,12,2956,avant-garde,0zuA6KKbQjYG1hwxmt1pQj,PRICE,2025-08-29,1,single,2.41
1oBGpzczkEedXYbZXGKSW3,Ridiculous - Stripped,1,31,FALSE,Sounds Kinda Good,19,88,N/A,6VnddTyKeAcHEFzMrjkX4m,Ridiculous (Stripped),2025-08-29,1,single,4.33
3hPGMErh5j3eut1cxcE7nk,Run Girl,1,44,FALSE,Nazaki,42,11904,N/A,0kjh6SGPXj2Qe3yqfWh3ZD,Run Girl,2025-08-29,1,single,2.69
0je57Uq5eTk1wrPzn9sWbl,When Did You Get Hot?,8,91,FALSE,Sabrina Carpenter,91,26538275,pop,1aqg30bNvLSWgShZgX4oop,Man’s Best Friend,2025-08-29,12,album,2.42
5B3GZOZYXNzWpUXQC42hxZ,Sugar Talking,4,84,TRUE,Sabrina Carpenter,91,26559943,pop,1aqg30bNvLSWgShZgX4oop,Man’s Best Friend,2025-08-29,12,album,3.06
42VUCXerQ5qTr4Qp6PhKo4,Tears,2,92,FALSE,Sabrina Carpenter,91,26538275,pop,1aqg30bNvLSWgShZgX4oop,Man’s Best Friend,2025-08-29,12,album,2.66
6zoq5IijpDuManYvVpwn7M,Trapzzoid,1,39,FALSE,Riff Raff,48,193279,N/A,6XZe5zme7iaKbNOinYf3js,Trapzzoid,2025-08-29,1,single,2.32
6U5AgSYUubKMrMDEazfSsF,u don't have to tell me,2,65,FALSE,Artemas,74,1377042,N/A,3mxQzFNEhn2XAr2UvCt2bI,eat me alive / u don't have to tell me,2025-08-29,2,single,2.26
6wkYQMrFfb0huLB5Qn19Iv,We Almost Broke Up Again Last Night,5,82,TRUE,Sabrina Carpenter,91,26559943,pop,1aqg30bNvLSWgShZgX4oop,Man’s Best Friend,2025-08-29,12,album,3.38
5eFnCUhiO9OjpsarGok0wf,Went Legit,1,44,TRUE,G Herbo,69,2482067,"chicago drill, drill",4jQAxiox9aNyRGRCTVI1Sa,Went Legit,2025-08-29,2,single,2.34
4M8sRHq0TWbDjxprUzFPI1,De (feat. Savage Plug),3,46,FALSE,Wegz,61,7437933,"egyptian hip hop, arabic hip hop, mahraganat, egyptian pop",0GaffqvjUTs1g9vDLAKFeV,Aqareb,2025-08-29,12,album,3.41
21IVPfi81m6ywNgOvqTj1i,Don’t Worry I’ll Make You Worry,10,81,TRUE,Sabrina Carpenter,91,26538275,pop,1aqg30bNvLSWgShZgX4oop,Man’s Best Friend,2025-08-29,12,album,3.7
0trJ6hrLHHHaXZYMe1JLnb,El Ayam,9,57,FALSE,Wegz,61,7429055,"egyptian hip hop, arabic hip hop, mahraganat, egyptian pop",0GaffqvjUTs1g9vDLAKFeV,Aqareb,2025-08-29,12,album,2.56
4gXNNBhA7xkBlmAVVoJYO1,Ezay Tfotny,11,48,FALSE,Wegz,61,7437933,"egyptian hip hop, arabic hip hop, mahraganat, egyptian pop",0GaffqvjUTs1g9vDLAKFeV,Aqareb,2025-08-29,12,album,3.16
67a326396ly9tZ126uhV22,Ghareeba (feat. ZIAD ZAZA),10,49,FALSE,Wegz,61,7429055,"egyptian hip hop, arabic hip hop, mahraganat, egyptian pop",0GaffqvjUTs1g9vDLAKFeV,Aqareb,2025-08-29,12,album,4.12
5PdzAFxcCFHe21rtEjpBVL,Girlfriend (feat. Tayc),6,50,FALSE,Wegz,61,7429055,"egyptian hip hop, arabic hip hop, mahraganat, egyptian pop",0GaffqvjUTs1g9vDLAKFeV,Aqareb,2025-08-29,12,album,2.83
4WbE5qrmw9H4RVpjCns7oR,Afterparty,12,52,FALSE,Wegz,61,7433128,"egyptian hip hop, arabic hip hop, mahraganat, egyptian pop",0GaffqvjUTs1g9vDLAKFeV,Aqareb,2025-08-29,12,album,4.07
1Q1BtmfMhRbzZ6uPV3Xk1r,Bad Days,4,54,FALSE,Wegz,61,7433128,"egyptian hip hop, arabic hip hop, mahraganat, egyptian pop",0GaffqvjUTs1g9vDLAKFeV,Aqareb,2025-08-29,12,album,3.26
3GYulbp28vjI5wpIbHCZZc,Bey Ulu ma y Ulu,2,53,FALSE,Wegz,61,7429055,"egyptian hip hop, arabic hip hop, mahraganat, egyptian pop",0GaffqvjUTs1g9vDLAKFeV,Aqareb,2025-08-29,12,album,2.81
0XJ6Z4oBYdQif7z8OVMGC3,Capsula,7,41,FALSE,Wegz,61,7437933,"egyptian hip hop, arabic hip hop, mahraganat, egyptian pop",0GaffqvjUTs1g9vDLAKFeV,Aqareb,2025-08-29,12,album,0.55
1qyw5wSUkEvH8DtaCdx7Lg,Go Go Juice,9,85,TRUE,Sabrina Carpenter,91,26516295,pop,1aqg30bNvLSWgShZgX4oop,Man’s Best Friend,2025-08-29,12,album,3.22
4tVVmShMF2PYdLqcejrsy2,Goodbye,12,84,TRUE,Sabrina Carpenter,91,26559943,pop,1aqg30bNvLSWgShZgX4oop,Man’s Best Friend,2025-08-29,12,album,3.75
25jgQBxuUkGDdCG1WGKKN9,House Tour,11,87,FALSE,Sabrina Carpenter,91,26538275,pop,1aqg30bNvLSWgShZgX4oop,Man’s Best Friend,2025-08-29,12,album,2.82
50s7qiLWfzgpAsDqwfjS5D,In Retrospect,22,46,FALSE,RIELL,52,78423,N/A,3QPuVCy6FrnvYfa2hrRXEX,Hymns For The Bitter,2025-08-29,22,album,2.67
6ydeJnOboT0MCGX16NjDBB,Khesert El Sha3b,1,50,FALSE,Wegz,61,7437933,"egyptian hip hop, arabic hip hop, mahraganat, egyptian pop",0GaffqvjUTs1g9vDLAKFeV,Aqareb,2025-08-29,12,album,2.07
35J5md68GWAKbQ1Ys94S10,Let It Be Me,1,41,FALSE,CADMIUM,48,74002,N/A,4LNj6zVbxWRqCNavH83EuL,Let It Be Me,2025-08-29,1,single,2.65
7rBDz6W2lURrbQihF0xFIL,Mama Afrikya (feat. Seyi Vibez),8,51,FALSE,Wegz,61,7437933,"egyptian hip hop, arabic hip hop, mahraganat, egyptian pop",0GaffqvjUTs1g9vDLAKFeV,Aqareb,2025-08-29,12,album,2.82
2BwO5K8Q7EPAJSGze3AAh9,Manchild,1,88,TRUE,Sabrina Carpenter,91,26559943,pop,1aqg30bNvLSWgShZgX4oop,Man’s Best Friend,2025-08-29,12,album,3.56
5zjmUAGUOv81Pimre15H8L,Mazhar W Mal,5,50,FALSE,Wegz,61,7429055,"egyptian hip hop, arabic hip hop, mahraganat, egyptian pop",0GaffqvjUTs1g9vDLAKFeV,Aqareb,2025-08-29,12,album,2.94
3EMfeKtNK4q4k3sVjwg5Yy,My Man on Willpower,3,85,TRUE,Sabrina Carpenter,91,26559943,pop,1aqg30bNvLSWgShZgX4oop,Man’s Best Friend,2025-08-29,12,album,3.29
1PdUyYYw9sGU0yhLrpeHKt,Never Getting Laid,7,83,TRUE,Sabrina Carpenter,91,26516295,pop,1aqg30bNvLSWgShZgX4oop,Man’s Best Friend,2025-08-29,12,album,3.47
4SRShYMtFIGgnOU7iBicMH,Nobody’s Son,6,88,TRUE,Sabrina Carpenter,91,26538275,pop,1aqg30bNvLSWgShZgX4oop,Man’s Best Friend,2025-08-29,12,album,3.04
0o9g90ucYD4Quisfnm9uyE,mafhashmafhash,6,49,FALSE,Marwan Moussa,61,2649787,"egyptian hip hop, arabic hip hop, egyptian pop, mahraganat",4p50wCLmX3dorhUIDFIYF2,MATADOR,2025-08-28,10,album,2.35
42sQoFE6NB2odEbTGP1vvU,makan fi albak,8,51,FALSE,Marwan Moussa,61,2650667,"egyptian hip hop, arabic hip hop, egyptian pop, mahraganat",4p50wCLmX3dorhUIDFIYF2,MATADOR,2025-08-28,10,album,2.83
2397d2hCrov6ouuoG67dW7,matador,1,49,FALSE,Marwan Moussa,61,2650667,"egyptian hip hop, arabic hip hop, egyptian pop, mahraganat",4p50wCLmX3dorhUIDFIYF2,MATADOR,2025-08-28,10,album,3.08
7lZLhpkDzEtriJsC3CyAKE,matrosh,2,43,FALSE,Marwan Moussa,61,2649787,"egyptian hip hop, arabic hip hop, egyptian pop, mahraganat",4p50wCLmX3dorhUIDFIYF2,MATADOR,2025-08-28,10,album,2.17
4KPlsNrzNcMtwtlMwEsZR5,mshmawgood,7,42,FALSE,Marwan Moussa,61,2652612,"egyptian hip hop, arabic hip hop, egyptian pop, mahraganat",4p50wCLmX3dorhUIDFIYF2,MATADOR,2025-08-28,10,album,2.51
1qhJ837K8NNuB7ryP592uy,tefhaminish ghalat,4,43,FALSE,Marwan Moussa,61,2650667,"egyptian hip hop, arabic hip hop, egyptian pop, mahraganat",4p50wCLmX3dorhUIDFIYF2,MATADOR,2025-08-28,10,album,2.72
7tpn8TEJiZl4yF13Zy64i5,Sacrifice,1,50,FALSE,Elvis Drew,55,68465,dark r&b,10kUMyyx2rqehYusX7gKdy,Sacrifice,2025-08-28,1,single,3.3
4Sh8H0ONFKZRjPwJyrSFzG,shaklekmagnona,5,51,FALSE,Marwan Moussa,61,2652612,"egyptian hip hop, arabic hip hop, egyptian pop, mahraganat",4p50wCLmX3dorhUIDFIYF2,MATADOR,2025-08-28,10,album,2.48
3TAisPOILhuLhGAFCu26Ie,labubu,9,44,FALSE,Marwan Moussa,61,2649787,"egyptian hip hop, arabic hip hop, egyptian pop, mahraganat",4p50wCLmX3dorhUIDFIYF2,MATADOR,2025-08-28,10,album,2.2
3XXm7WLzw3llVqK0aueBSr,Don't u cry,1,53,FALSE,Omido,58,72064,dark r&b,0LwRKWI7LcUEnHHH3LSipe,Don't u cry,2025-08-28,3,single,2.97
7JEHNCntq0PXEBNZfwTH1p,el makaan,3,43,FALSE,Marwan Moussa,61,2649787,"egyptian hip hop, arabic hip hop, egyptian pop, mahraganat",4p50wCLmX3dorhUIDFIYF2,MATADOR,2025-08-28,10,album,2.79
47lhEpLcjypXeM6B1chFaY,faker bas nasy,10,47,FALSE,Marwan Moussa,61,2649787,"egyptian hip hop, arabic hip hop, egyptian pop, mahraganat",4p50wCLmX3dorhUIDFIYF2,MATADOR,2025-08-28,10,album,3.12
44qwFRuzjU1ArExgtzCifq,Fish-Woman (POP Version),1,13,FALSE,Lucas Mazotti,3,3,N/A,5jVHFcoEXErpuh0y1cWQXI,Fish-Woman (POP Version),2025-08-27,1,single,2.63
2JDKuwNu7ppELwLKKhRDVf,I Just Want a Kiss (Brazilian Axé Version),1,13,FALSE,Lia Morena,3,2,N/A,48VRlKgfjgv3fWJllFAysM,I Just Want a Kiss (Brazilian Axé Version),2025-08-27,1,single,2.49
0xDNdoBbBTBFITgFrFelEs,Glória Meu Senhor,4,15,FALSE,Reginaldo de Oliveira,5,21,N/A,6lKsJdCq98Jll0ve3LP5Cp,Reginaldo de Oliveira - As Melhores Volume 01,2025-08-24,12,album,3.83
2UqyAeGC2Wa8cvpBGbfVYO,Quero Lhe Dizer,1,15,FALSE,Reginaldo de Oliveira,5,21,N/A,6lKsJdCq98Jll0ve3LP5Cp,Reginaldo de Oliveira - As Melhores Volume 01,2025-08-24,12,album,4.53
3cw7Ahcd0o9sof1gf0QJZO,She Walked Away (Guitar Ballad Version),1,14,FALSE,NiloSerra,6,4,N/A,5SYdvOhLrQT9OQ1uArT4tI,She Walked Away (Guitar Ballad Version),2025-08-23,1,single,3.71
2wG3D8olWkyEV7Ij57c8gP,Overstimulated,9,34,FALSE,Unlike Pluto,57,398681,N/A,4EeqIKMCBghfKdAXVgsQBt,Kiss Collapse,2025-08-22,17,album,3.13
163ZzedEKDJX88nVA4pG5i,Paranoia,11,34,FALSE,Unlike Pluto,57,398659,N/A,4EeqIKMCBghfKdAXVgsQBt,Kiss Collapse,2025-08-22,17,album,3.3
0ILLfGp9z1pukpjifsfkxx,Running Cold,1,53,FALSE,Besomorph,58,146944,slap house,2M5ycBg9s7P7EsRvjo92K1,Running Cold,2025-08-22,1,single,3.01
79FhzZ45MijTqx3oKsNE1H,Suckerpunch,16,31,FALSE,Unlike Pluto,57,398681,N/A,4EeqIKMCBghfKdAXVgsQBt,Kiss Collapse,2025-08-22,17,album,3.08
23QgcrlHAz4f48jrcc0gVS,Trance,2,37,FALSE,Unlike Pluto,57,398681,N/A,4EeqIKMCBghfKdAXVgsQBt,Kiss Collapse,2025-08-22,17,album,3.12
